run_id,scenario_id,repetition,concurrency,request_number,prepare_ms,sign_ms,authorize_ms,end_to_end_ms,prepare_status,authorize_status,success,error
http-20260825T171719Z-cae8f09e,http-20260825T171719Z-cae8f09e-r1-c1,1,1,10,19.118208,3.636042,20.761583,43.517667,201,202,True,
http-20260825T171719Z-cae8f09e,http-20260825T171719Z-cae8f09e-r1-c1,1,1,11,19.481375,4.075875,21.469666,45.02925,201,202,True,
http-20260825T171719Z-cae8f09e,http-20260825T171719Z-cae8f09e-r1-c1,1,1,12,23.5275,4.059875,20.557125,48.146667,201,202,True,
http-20260825T171719Z-cae8f09e,http-20260825T171719Z-cae8f09e-r1-c1,1,1,13,17.570458,4.092875,20.193458,41.858541,201,202,True,
http-20260825T171719Z-cae8f09e,http-20260825T171719Z-cae8f09e-r1-c1,1,1,14,17.3875,4.237916,21.169083,42.796375,201,202,True,
http-20260825T171719Z-cae8f09e,http-20260825T171719Z-cae8f09e-r1-c1,1,1,15,20.5485,4.090667,21.668417,46.309375,201,202,True,
http-20260825T171719Z-cae8f09e,http-20260825T171719Z-cae8f09e-r1-c1,1,1,16,18.831917,4.217834,21.95475,45.006667,201,202,True,
http-20260825T171719Z-cae8f09e,http-20260825T171719Z-cae8f09e-r1-c1,1,1,17,19.260583,4.121667,22.4485,45.832708,201,202,True,
http-20260825T171719Z-cae8f09e,http-20260825T171719Z-cae8f09e-r1-c1,1,1,18,19.034125,4.039167,21.58325,44.658541,201,202,True,
http-20260825T171719Z-cae8f09e,http-20260825T171719Z-cae8f09e-r1-c1,1,1,19,18.881791,4.532583,22.312583,45.729,201,202,True,
http-20260825T171719Z-cae8f09e,http-20260825T171719Z-cae8f09e-r1-c1,1,1,20,18.914875,4.264583,23.111667,46.293,201,202,True,
http-20260825T171719Z-cae8f09e,http-20260825T171719Z-cae8f09e-r1-c1,1,1,21,18.777833,4.05925,22.411084,45.250125,201,202,True,
http-20260825T171719Z-cae8f09e,http-20260825T171719Z-cae8f09e-r1-c1,1,1,22,18.638708,4.157542,21.184417,43.982417,201,202,True,
http-20260825T171719Z-cae8f09e,http-20260825T171719Z-cae8f09e-r1-c1,1,1,23,18.04725,4.152833,27.202584,49.405,201,202,True,
http-20260825T171719Z-cae8f09e,http-20260825T171719Z-cae8f09e-r1-c1,1,1,24,19.290583,4.537875,21.078834,44.909083,201,202,True,
http-20260825T171719Z-cae8f09e,http-20260825T171719Z-cae8f09e-r1-c1,1,1,25,18.160458,4.285584,22.203958,44.651625,201,202,True,
http-20260825T171719Z-cae8f09e,http-20260825T171719Z-cae8f09e-r1-c1,1,1,26,19.119,4.151042,21.822292,45.094292,201,202,True,
http-20260825T171719Z-cae8f09e,http-20260825T171719Z-cae8f09e-r1-c1,1,1,27,17.900041,4.488833,21.425458,43.816584,201,202,True,
http-20260825T171719Z-cae8f09e,http-20260825T171719Z-cae8f09e-r1-c1,1,1,28,20.404333,4.263792,23.008416,47.678375,201,202,True,
http-20260825T171719Z-cae8f09e,http-20260825T171719Z-cae8f09e-r1-c1,1,1,29,17.584209,4.310917,21.900125,43.797375,201,202,True,
http-20260825T171719Z-cae8f09e,http-20260825T171719Z-cae8f09e-r1-c1,1,1,30,18.55275,4.397167,23.878416,46.83025,201,202,True,
http-20260825T171719Z-cae8f09e,http-20260825T171719Z-cae8f09e-r1-c1,1,1,31,18.402333,4.187708,23.2515,45.843833,201,202,True,
http-20260825T171719Z-cae8f09e,http-20260825T171719Z-cae8f09e-r1-c1,1,1,32,18.914958,3.755833,22.799916,45.472292,201,202,True,
http-20260825T171719Z-cae8f09e,http-20260825T171719Z-cae8f09e-r1-c1,1,1,33,19.458375,4.269209,21.99425,45.723625,201,202,True,
http-20260825T171719Z-cae8f09e,http-20260825T171719Z-cae8f09e-r1-c1,1,1,34,17.864084,4.246792,24.584708,46.697583,201,202,True,
http-20260825T171719Z-cae8f09e,http-20260825T171719Z-cae8f09e-r1-c1,1,1,35,18.506542,4.317292,22.860875,45.686625,201,202,True,
http-20260825T171719Z-cae8f09e,http-20260825T171719Z-cae8f09e-r1-c1,1,1,36,18.850667,4.111292,22.299584,45.263209,201,202,True,
http-20260825T171719Z-cae8f09e,http-20260825T171719Z-cae8f09e-r1-c1,1,1,37,18.624875,4.172334,21.912209,44.711333,201,202,True,
http-20260825T171719Z-cae8f09e,http-20260825T171719Z-cae8f09e-r1-c1,1,1,38,19.999666,4.169334,22.733208,46.904084,201,202,True,
http-20260825T171719Z-cae8f09e,http-20260825T171719Z-cae8f09e-r1-c1,1,1,39,19.467792,4.302541,25.443875,49.216041,201,202,True,
http-20260825T171719Z-cae8f09e,http-20260825T171719Z-cae8f09e-r1-c1,1,1,40,18.425708,4.293167,24.113375,46.834541,201,202,True,
http-20260825T171719Z-cae8f09e,http-20260825T171719Z-cae8f09e-r1-c1,1,1,41,18.470917,4.19925,21.721167,44.393292,201,202,True,
http-20260825T171719Z-cae8f09e,http-20260825T171719Z-cae8f09e-r1-c1,1,1,42,18.210833,4.299167,22.568583,45.080542,201,202,True,
http-20260825T171719Z-cae8f09e,http-20260825T171719Z-cae8f09e-r1-c1,1,1,43,18.299583,4.055292,21.745125,44.101958,201,202,True,
http-20260825T171719Z-cae8f09e,http-20260825T171719Z-cae8f09e-r1-c1,1,1,44,18.097833,4.308667,22.326167,44.735334,201,202,True,
http-20260825T171719Z-cae8f09e,http-20260825T171719Z-cae8f09e-r1-c1,1,1,45,18.348458,4.21475,23.733417,46.299,201,202,True,
http-20260825T171719Z-cae8f09e,http-20260825T171719Z-cae8f09e-r1-c1,1,1,46,19.737042,4.301292,23.286583,47.326875,201,202,True,
http-20260825T171719Z-cae8f09e,http-20260825T171719Z-cae8f09e-r1-c1,1,1,47,18.302458,4.243,21.0035,43.550708,201,202,True,
http-20260825T171719Z-cae8f09e,http-20260825T171719Z-cae8f09e-r1-c1,1,1,48,18.478875,4.1655,23.1005,45.746959,201,202,True,
http-20260825T171719Z-cae8f09e,http-20260825T171719Z-cae8f09e-r1-c1,1,1,49,19.243167,3.99025,21.636666,44.872167,201,202,True,
http-20260825T171719Z-cae8f09e,http-20260825T171719Z-cae8f09e-r1-c1,1,1,50,21.271292,4.05175,22.218458,47.543542,201,202,True,
http-20260825T171719Z-cae8f09e,http-20260825T171719Z-cae8f09e-r1-c1,1,1,51,18.732708,4.227208,24.821792,47.783875,201,202,True,
http-20260825T171719Z-cae8f09e,http-20260825T171719Z-cae8f09e-r1-c1,1,1,52,18.626458,4.263292,22.982459,45.874167,201,202,True,
http-20260825T171719Z-cae8f09e,http-20260825T171719Z-cae8f09e-r1-c1,1,1,53,19.16825,4.580125,22.604167,46.354542,201,202,True,
http-20260825T171719Z-cae8f09e,http-20260825T171719Z-cae8f09e-r1-c1,1,1,54,18.997417,4.116583,23.211917,46.327875,201,202,True,
http-20260825T171719Z-cae8f09e,http-20260825T171719Z-cae8f09e-r1-c1,1,1,55,20.327583,4.169583,23.656958,48.156333,201,202,True,
http-20260825T171719Z-cae8f09e,http-20260825T171719Z-cae8f09e-r1-c1,1,1,56,18.055584,4.425167,22.554791,45.037542,201,202,True,
http-20260825T171719Z-cae8f09e,http-20260825T171719Z-cae8f09e-r1-c1,1,1,57,18.942292,3.921041,21.563166,44.428542,201,202,True,
http-20260825T171719Z-cae8f09e,http-20260825T171719Z-cae8f09e-r1-c1,1,1,58,20.000292,4.450875,21.886583,46.339916,201,202,True,
http-20260825T171719Z-cae8f09e,http-20260825T171719Z-cae8f09e-r1-c1,1,1,59,17.855459,4.242959,22.214291,44.314792,201,202,True,
http-20260825T171719Z-cae8f09e,http-20260825T171719Z-cae8f09e-r1-c1,1,1,60,18.910625,4.115583,22.345334,45.373833,201,202,True,
http-20260825T171719Z-cae8f09e,http-20260825T171719Z-cae8f09e-r1-c1,1,1,61,18.653209,4.106292,23.453792,46.21525,201,202,True,
http-20260825T171719Z-cae8f09e,http-20260825T171719Z-cae8f09e-r1-c1,1,1,62,19.0715,4.377416,24.104209,47.555458,201,202,True,
http-20260825T171719Z-cae8f09e,http-20260825T171719Z-cae8f09e-r1-c1,1,1,63,20.047291,4.126,22.719792,46.895334,201,202,True,
http-20260825T171719Z-cae8f09e,http-20260825T171719Z-cae8f09e-r1-c1,1,1,64,17.656125,4.0475,21.155458,42.860792,201,202,True,
http-20260825T171719Z-cae8f09e,http-20260825T171719Z-cae8f09e-r1-c1,1,1,65,19.465,4.593875,20.836459,44.897208,201,202,True,
http-20260825T171719Z-cae8f09e,http-20260825T171719Z-cae8f09e-r1-c1,1,1,66,18.320917,3.9855,21.227791,43.535709,201,202,True,
http-20260825T171719Z-cae8f09e,http-20260825T171719Z-cae8f09e-r1-c1,1,1,67,18.971125,4.402167,23.582917,46.957875,201,202,True,
http-20260825T171719Z-cae8f09e,http-20260825T171719Z-cae8f09e-r1-c1,1,1,68,20.497083,4.130958,24.742916,49.373167,201,202,True,
http-20260825T171719Z-cae8f09e,http-20260825T171719Z-cae8f09e-r1-c1,1,1,69,18.852417,4.340584,20.322917,43.518042,201,202,True,
http-20260825T171719Z-cae8f09e,http-20260825T171719Z-cae8f09e-r1-c1,1,1,70,21.038125,4.343125,22.94325,48.326625,201,202,True,
http-20260825T171719Z-cae8f09e,http-20260825T171719Z-cae8f09e-r1-c1,1,1,71,18.251792,4.459542,23.546291,46.25975,201,202,True,
http-20260825T171719Z-cae8f09e,http-20260825T171719Z-cae8f09e-r1-c1,1,1,72,18.652167,3.734542,22.945625,45.334208,201,202,True,
http-20260825T171719Z-cae8f09e,http-20260825T171719Z-cae8f09e-r1-c1,1,1,73,19.213166,4.359083,22.368292,45.942416,201,202,True,
http-20260825T171719Z-cae8f09e,http-20260825T171719Z-cae8f09e-r1-c1,1,1,74,19.8925,4.444208,24.061209,48.4,201,202,True,
http-20260825T171719Z-cae8f09e,http-20260825T171719Z-cae8f09e-r1-c1,1,1,75,19.51825,4.255542,24.083083,47.858875,201,202,True,
http-20260825T171719Z-cae8f09e,http-20260825T171719Z-cae8f09e-r1-c1,1,1,76,20.052292,4.1335,23.022208,47.210417,201,202,True,
http-20260825T171719Z-cae8f09e,http-20260825T171719Z-cae8f09e-r1-c1,1,1,77,19.20175,4.395833,23.190875,46.790375,201,202,True,
http-20260825T171719Z-cae8f09e,http-20260825T171719Z-cae8f09e-r1-c1,1,1,78,19.065166,4.317333,22.716834,46.101583,201,202,True,
http-20260825T171719Z-cae8f09e,http-20260825T171719Z-cae8f09e-r1-c1,1,1,79,18.036083,4.244458,22.192583,44.475208,201,202,True,
http-20260825T171719Z-cae8f09e,http-20260825T171719Z-cae8f09e-r1-c1,1,1,80,19.078291,4.176375,22.709459,45.966125,201,202,True,
http-20260825T171719Z-cae8f09e,http-20260825T171719Z-cae8f09e-r1-c1,1,1,81,19.8385,4.370833,22.92275,47.134417,201,202,True,
http-20260825T171719Z-cae8f09e,http-20260825T171719Z-cae8f09e-r1-c1,1,1,82,18.572208,4.140917,21.740959,44.456166,201,202,True,
http-20260825T171719Z-cae8f09e,http-20260825T171719Z-cae8f09e-r1-c1,1,1,83,17.504084,4.313541,23.373083,45.192625,201,202,True,
http-20260825T171719Z-cae8f09e,http-20260825T171719Z-cae8f09e-r1-c1,1,1,84,18.630834,4.146041,22.877167,45.655667,201,202,True,
http-20260825T171719Z-cae8f09e,http-20260825T171719Z-cae8f09e-r1-c1,1,1,85,19.242167,4.450333,23.297917,46.992417,201,202,True,
http-20260825T171719Z-cae8f09e,http-20260825T171719Z-cae8f09e-r1-c1,1,1,86,19.761917,4.180042,23.704625,47.648542,201,202,True,
http-20260825T171719Z-cae8f09e,http-20260825T171719Z-cae8f09e-r1-c1,1,1,87,19.153125,4.16475,21.47525,44.795625,201,202,True,
http-20260825T171719Z-cae8f09e,http-20260825T171719Z-cae8f09e-r1-c1,1,1,88,19.242833,3.891334,22.869,46.005416,201,202,True,
http-20260825T171719Z-cae8f09e,http-20260825T171719Z-cae8f09e-r1-c1,1,1,89,19.242583,3.612292,22.381666,45.238917,201,202,True,
http-20260825T171719Z-cae8f09e,http-20260825T171719Z-cae8f09e-r1-c1,1,1,90,20.251083,4.082708,22.629292,46.965042,201,202,True,
http-20260825T171719Z-cae8f09e,http-20260825T171719Z-cae8f09e-r1-c1,1,1,91,19.956583,4.262875,22.414208,46.63625,201,202,True,
http-20260825T171719Z-cae8f09e,http-20260825T171719Z-cae8f09e-r1-c1,1,1,92,20.042417,4.017541,22.34925,46.411167,201,202,True,
http-20260825T171719Z-cae8f09e,http-20260825T171719Z-cae8f09e-r1-c1,1,1,93,19.580833,4.008583,21.110708,44.702084,201,202,True,
http-20260825T171719Z-cae8f09e,http-20260825T171719Z-cae8f09e-r1-c1,1,1,94,20.402708,3.7985,21.758208,45.961375,201,202,True,
http-20260825T171719Z-cae8f09e,http-20260825T171719Z-cae8f09e-r1-c1,1,1,95,22.005625,3.941583,20.890291,46.839416,201,202,True,
http-20260825T171719Z-cae8f09e,http-20260825T171719Z-cae8f09e-r1-c1,1,1,96,18.101458,3.798083,22.027833,43.929334,201,202,True,
http-20260825T171719Z-cae8f09e,http-20260825T171719Z-cae8f09e-r1-c1,1,1,97,19.15925,3.863917,22.619541,45.644833,201,202,True,
http-20260825T171719Z-cae8f09e,http-20260825T171719Z-cae8f09e-r1-c1,1,1,98,18.504041,3.938667,20.217083,42.661459,201,202,True,
http-20260825T171719Z-cae8f09e,http-20260825T171719Z-cae8f09e-r1-c1,1,1,99,18.481542,3.790625,22.139083,44.41325,201,202,True,
http-20260825T171719Z-cae8f09e,http-20260825T171719Z-cae8f09e-r1-c1,1,1,100,17.83525,4.261208,21.351375,43.4495,201,202,True,
http-20260825T171719Z-cae8f09e,http-20260825T171719Z-cae8f09e-r1-c1,1,1,101,18.483125,3.965292,22.444,44.894417,201,202,True,
http-20260825T171719Z-cae8f09e,http-20260825T171719Z-cae8f09e-r1-c1,1,1,102,17.914459,4.001,22.830917,44.748625,201,202,True,
http-20260825T171719Z-cae8f09e,http-20260825T171719Z-cae8f09e-r1-c1,1,1,103,17.690916,4.324708,21.570792,43.588833,201,202,True,
http-20260825T171719Z-cae8f09e,http-20260825T171719Z-cae8f09e-r1-c1,1,1,104,19.130625,4.218375,22.618792,45.974708,201,202,True,
http-20260825T171719Z-cae8f09e,http-20260825T171719Z-cae8f09e-r1-c1,1,1,105,18.854583,3.929542,22.917875,45.703791,201,202,True,
http-20260825T171719Z-cae8f09e,http-20260825T171719Z-cae8f09e-r1-c1,1,1,106,19.87175,3.939125,22.297667,46.110625,201,202,True,
http-20260825T171719Z-cae8f09e,http-20260825T171719Z-cae8f09e-r1-c1,1,1,107,19.35225,4.285041,21.557625,45.19675,201,202,True,
http-20260825T171719Z-cae8f09e,http-20260825T171719Z-cae8f09e-r1-c1,1,1,108,18.328459,4.147375,23.572917,46.050958,201,202,True,
http-20260825T171719Z-cae8f09e,http-20260825T171719Z-cae8f09e-r1-c1,1,1,109,24.418458,4.1665,21.876625,50.4635,201,202,True,
http-20260825T171719Z-cae8f09e,http-20260825T171719Z-cae8f09e-r1-c5,1,5,120,27.33825,3.996917,32.203917,63.541459,201,202,True,
http-20260825T171719Z-cae8f09e,http-20260825T171719Z-cae8f09e-r1-c5,1,5,121,43.430625,3.996291,37.413959,84.842125,201,202,True,
http-20260825T171719Z-cae8f09e,http-20260825T171719Z-cae8f09e-r1-c5,1,5,122,31.315625,3.7255,41.197958,76.240875,201,202,True,
http-20260825T171719Z-cae8f09e,http-20260825T171719Z-cae8f09e-r1-c5,1,5,123,35.20825,3.748208,38.073542,77.031458,201,202,True,
http-20260825T171719Z-cae8f09e,http-20260825T171719Z-cae8f09e-r1-c5,1,5,124,39.068042,4.019083,40.875625,83.964458,201,202,True,
http-20260825T171719Z-cae8f09e,http-20260825T171719Z-cae8f09e-r1-c5,1,5,125,34.504917,4.350917,31.551541,70.409333,201,202,True,
http-20260825T171719Z-cae8f09e,http-20260825T171719Z-cae8f09e-r1-c5,1,5,126,30.08775,3.805292,36.745125,70.640292,201,202,True,
http-20260825T171719Z-cae8f09e,http-20260825T171719Z-cae8f09e-r1-c5,1,5,127,25.31525,3.807459,40.967167,70.091125,201,202,True,
http-20260825T171719Z-cae8f09e,http-20260825T171719Z-cae8f09e-r1-c5,1,5,128,26.242,4.046709,41.369292,71.66025,201,202,True,
http-20260825T171719Z-cae8f09e,http-20260825T171719Z-cae8f09e-r1-c5,1,5,129,29.78975,3.800458,37.148625,70.740625,201,202,True,
http-20260825T171719Z-cae8f09e,http-20260825T171719Z-cae8f09e-r1-c5,1,5,130,37.175583,4.147583,33.607,74.932042,201,202,True,
http-20260825T171719Z-cae8f09e,http-20260825T171719Z-cae8f09e-r1-c5,1,5,131,28.407334,3.937167,39.390791,71.736875,201,202,True,
http-20260825T171719Z-cae8f09e,http-20260825T171719Z-cae8f09e-r1-c5,1,5,132,32.208959,3.895917,38.032083,74.139,201,202,True,
http-20260825T171719Z-cae8f09e,http-20260825T171719Z-cae8f09e-r1-c5,1,5,133,28.075,3.903667,41.502792,73.483708,201,202,True,
http-20260825T171719Z-cae8f09e,http-20260825T171719Z-cae8f09e-r1-c5,1,5,134,31.878291,3.68625,44.260167,79.825959,201,202,True,
http-20260825T171719Z-cae8f09e,http-20260825T171719Z-cae8f09e-r1-c5,1,5,135,32.528542,4.035208,34.721125,71.286333,201,202,True,
http-20260825T171719Z-cae8f09e,http-20260825T171719Z-cae8f09e-r1-c5,1,5,136,30.068958,3.898292,35.801083,69.770958,201,202,True,
http-20260825T171719Z-cae8f09e,http-20260825T171719Z-cae8f09e-r1-c5,1,5,137,31.491542,3.960959,39.867416,75.321667,201,202,True,
http-20260825T171719Z-cae8f09e,http-20260825T171719Z-cae8f09e-r1-c5,1,5,138,27.937333,3.830708,41.476959,73.246416,201,202,True,
http-20260825T171719Z-cae8f09e,http-20260825T171719Z-cae8f09e-r1-c5,1,5,139,28.438167,4.049209,34.365167,66.854042,201,202,True,
http-20260825T171719Z-cae8f09e,http-20260825T171719Z-cae8f09e-r1-c5,1,5,140,30.275417,4.31525,35.661125,70.25375,201,202,True,
http-20260825T171719Z-cae8f09e,http-20260825T171719Z-cae8f09e-r1-c5,1,5,141,29.135958,3.914,31.802375,64.85425,201,202,True,
http-20260825T171719Z-cae8f09e,http-20260825T171719Z-cae8f09e-r1-c5,1,5,142,25.061667,3.995542,35.079125,64.138458,201,202,True,
http-20260825T171719Z-cae8f09e,http-20260825T171719Z-cae8f09e-r1-c5,1,5,143,31.687625,3.8825,32.82,68.391917,201,202,True,
http-20260825T171719Z-cae8f09e,http-20260825T171719Z-cae8f09e-r1-c5,1,5,144,36.959209,3.852042,33.407083,74.220042,201,202,True,
http-20260825T171719Z-cae8f09e,http-20260825T171719Z-cae8f09e-r1-c5,1,5,145,30.338417,4.063417,39.686583,74.090333,201,202,True,
http-20260825T171719Z-cae8f09e,http-20260825T171719Z-cae8f09e-r1-c5,1,5,146,31.561667,4.012458,35.6265,71.202167,201,202,True,
http-20260825T171719Z-cae8f09e,http-20260825T171719Z-cae8f09e-r1-c5,1,5,147,28.2345,3.73675,40.829041,72.801833,201,202,True,
http-20260825T171719Z-cae8f09e,http-20260825T171719Z-cae8f09e-r1-c5,1,5,148,25.145167,3.932417,37.999459,67.078541,201,202,True,
http-20260825T171719Z-cae8f09e,http-20260825T171719Z-cae8f09e-r1-c5,1,5,149,32.65525,3.933375,32.193708,68.783875,201,202,True,
http-20260825T171719Z-cae8f09e,http-20260825T171719Z-cae8f09e-r1-c5,1,5,150,34.2665,3.951708,33.874625,72.094791,201,202,True,
http-20260825T171719Z-cae8f09e,http-20260825T171719Z-cae8f09e-r1-c5,1,5,151,38.252042,3.691708,42.700375,84.645667,201,202,True,
http-20260825T171719Z-cae8f09e,http-20260825T171719Z-cae8f09e-r1-c5,1,5,152,32.90975,3.877875,42.304667,79.093292,201,202,True,
http-20260825T171719Z-cae8f09e,http-20260825T171719Z-cae8f09e-r1-c5,1,5,153,32.870334,4.00825,43.644334,80.524667,201,202,True,
http-20260825T171719Z-cae8f09e,http-20260825T171719Z-cae8f09e-r1-c5,1,5,154,35.825375,4.07275,32.62875,72.529041,201,202,True,
http-20260825T171719Z-cae8f09e,http-20260825T171719Z-cae8f09e-r1-c5,1,5,155,34.533584,4.012166,32.768791,71.316458,201,202,True,
http-20260825T171719Z-cae8f09e,http-20260825T171719Z-cae8f09e-r1-c5,1,5,156,26.087041,3.985584,32.722833,62.797167,201,202,True,
http-20260825T171719Z-cae8f09e,http-20260825T171719Z-cae8f09e-r1-c5,1,5,157,26.715,4.000541,40.470667,71.188459,201,202,True,
http-20260825T171719Z-cae8f09e,http-20260825T171719Z-cae8f09e-r1-c5,1,5,158,28.753625,3.917333,41.54925,74.221583,201,202,True,
http-20260825T171719Z-cae8f09e,http-20260825T171719Z-cae8f09e-r1-c5,1,5,159,32.618958,3.857625,34.948167,71.426125,201,202,True,
http-20260825T171719Z-cae8f09e,http-20260825T171719Z-cae8f09e-r1-c5,1,5,160,29.596,4.006125,36.890417,70.494208,201,202,True,
http-20260825T171719Z-cae8f09e,http-20260825T171719Z-cae8f09e-r1-c5,1,5,161,33.052,4.080125,32.980208,70.114417,201,202,True,
http-20260825T171719Z-cae8f09e,http-20260825T171719Z-cae8f09e-r1-c5,1,5,162,25.404084,3.9335,39.582708,68.921458,201,202,True,
http-20260825T171719Z-cae8f09e,http-20260825T171719Z-cae8f09e-r1-c5,1,5,163,31.352166,3.695166,38.2365,73.285167,201,202,True,
http-20260825T171719Z-cae8f09e,http-20260825T171719Z-cae8f09e-r1-c5,1,5,164,24.91025,3.772792,35.921583,64.606042,201,202,True,
http-20260825T171719Z-cae8f09e,http-20260825T171719Z-cae8f09e-r1-c5,1,5,165,30.84,3.927667,24.7725,59.541959,201,202,True,
http-20260825T171719Z-cae8f09e,http-20260825T171719Z-cae8f09e-r1-c5,1,5,166,37.324833,4.040542,45.472708,86.840083,201,202,True,
http-20260825T171719Z-cae8f09e,http-20260825T171719Z-cae8f09e-r1-c5,1,5,167,34.8315,3.820792,34.332416,72.986458,201,202,True,
http-20260825T171719Z-cae8f09e,http-20260825T171719Z-cae8f09e-r1-c5,1,5,168,26.838417,3.84175,43.838,74.519791,201,202,True,
http-20260825T171719Z-cae8f09e,http-20260825T171719Z-cae8f09e-r1-c5,1,5,169,28.719292,3.93975,37.957666,70.618458,201,202,True,
http-20260825T171719Z-cae8f09e,http-20260825T171719Z-cae8f09e-r1-c5,1,5,170,37.095542,4.146167,33.708708,74.951709,201,202,True,
http-20260825T171719Z-cae8f09e,http-20260825T171719Z-cae8f09e-r1-c5,1,5,171,34.7445,3.697125,37.438291,75.881291,201,202,True,
http-20260825T171719Z-cae8f09e,http-20260825T171719Z-cae8f09e-r1-c5,1,5,172,27.359,4.136666,28.2725,59.770416,201,202,True,
http-20260825T171719Z-cae8f09e,http-20260825T171719Z-cae8f09e-r1-c5,1,5,173,33.143291,4.220708,37.242584,74.6085,201,202,True,
http-20260825T171719Z-cae8f09e,http-20260825T171719Z-cae8f09e-r1-c5,1,5,174,35.225292,3.763208,37.991958,76.98175,201,202,True,
http-20260825T171719Z-cae8f09e,http-20260825T171719Z-cae8f09e-r1-c5,1,5,175,43.223458,4.214875,31.488125,78.9285,201,202,True,
http-20260825T171719Z-cae8f09e,http-20260825T171719Z-cae8f09e-r1-c5,1,5,176,34.703667,4.011583,38.274375,76.991291,201,202,True,
http-20260825T171719Z-cae8f09e,http-20260825T171719Z-cae8f09e-r1-c5,1,5,177,28.936625,3.916166,42.127875,74.982083,201,202,True,
http-20260825T171719Z-cae8f09e,http-20260825T171719Z-cae8f09e-r1-c5,1,5,178,28.838292,3.931125,37.753458,70.524708,201,202,True,
http-20260825T171719Z-cae8f09e,http-20260825T171719Z-cae8f09e-r1-c5,1,5,179,28.368417,4.035875,40.795333,73.200667,201,202,True,
http-20260825T171719Z-cae8f09e,http-20260825T171719Z-cae8f09e-r1-c5,1,5,180,38.227,4.062458,28.694875,70.986666,201,202,True,
http-20260825T171719Z-cae8f09e,http-20260825T171719Z-cae8f09e-r1-c5,1,5,181,31.991917,4.032125,34.261375,70.287916,201,202,True,
http-20260825T171719Z-cae8f09e,http-20260825T171719Z-cae8f09e-r1-c5,1,5,182,26.418041,4.11725,40.216083,70.753459,201,202,True,
http-20260825T171719Z-cae8f09e,http-20260825T171719Z-cae8f09e-r1-c5,1,5,183,30.591,3.594334,35.775334,69.962417,201,202,True,
http-20260825T171719Z-cae8f09e,http-20260825T171719Z-cae8f09e-r1-c5,1,5,184,28.714083,3.824041,36.411083,68.9505,201,202,True,
http-20260825T171719Z-cae8f09e,http-20260825T171719Z-cae8f09e-r1-c5,1,5,185,40.154333,4.124875,31.069292,75.350666,201,202,True,
http-20260825T171719Z-cae8f09e,http-20260825T171719Z-cae8f09e-r1-c5,1,5,186,31.236,3.800875,31.102875,66.141042,201,202,True,
http-20260825T171719Z-cae8f09e,http-20260825T171719Z-cae8f09e-r1-c5,1,5,187,34.436458,3.619416,46.801333,84.858917,201,202,True,
http-20260825T171719Z-cae8f09e,http-20260825T171719Z-cae8f09e-r1-c5,1,5,188,29.714834,3.882541,47.019167,80.617917,201,202,True,
http-20260825T171719Z-cae8f09e,http-20260825T171719Z-cae8f09e-r1-c5,1,5,189,32.082875,3.717292,39.107375,74.909125,201,202,True,
http-20260825T171719Z-cae8f09e,http-20260825T171719Z-cae8f09e-r1-c5,1,5,190,43.498417,3.796041,39.834541,87.130875,201,202,True,
http-20260825T171719Z-cae8f09e,http-20260825T171719Z-cae8f09e-r1-c5,1,5,191,35.063167,4.071167,40.86025,79.996042,201,202,True,
http-20260825T171719Z-cae8f09e,http-20260825T171719Z-cae8f09e-r1-c5,1,5,192,50.366125,3.888333,37.891583,92.148208,201,202,True,
http-20260825T171719Z-cae8f09e,http-20260825T171719Z-cae8f09e-r1-c5,1,5,193,45.915459,3.950209,39.410917,89.278125,201,202,True,
http-20260825T171719Z-cae8f09e,http-20260825T171719Z-cae8f09e-r1-c5,1,5,194,37.958042,4.095542,38.764125,80.820542,201,202,True,
http-20260825T171719Z-cae8f09e,http-20260825T171719Z-cae8f09e-r1-c5,1,5,195,41.252625,4.309584,32.9385,78.503125,201,202,True,
http-20260825T171719Z-cae8f09e,http-20260825T171719Z-cae8f09e-r1-c5,1,5,196,42.810084,4.198208,38.16325,85.173625,201,202,True,
http-20260825T171719Z-cae8f09e,http-20260825T171719Z-cae8f09e-r1-c5,1,5,197,30.0185,3.907084,38.99225,72.91975,201,202,True,
http-20260825T171719Z-cae8f09e,http-20260825T171719Z-cae8f09e-r1-c5,1,5,198,30.565625,3.897833,41.325916,75.791041,201,202,True,
http-20260825T171719Z-cae8f09e,http-20260825T171719Z-cae8f09e-r1-c5,1,5,199,32.045,3.998292,39.440875,75.485833,201,202,True,
http-20260825T171719Z-cae8f09e,http-20260825T171719Z-cae8f09e-r1-c5,1,5,200,38.328083,4.245083,28.920875,71.49575,201,202,True,
http-20260825T171719Z-cae8f09e,http-20260825T171719Z-cae8f09e-r1-c5,1,5,201,39.850125,4.157292,51.868167,95.878458,201,202,True,
http-20260825T171719Z-cae8f09e,http-20260825T171719Z-cae8f09e-r1-c5,1,5,202,29.301042,3.949042,35.028458,68.280083,201,202,True,
http-20260825T171719Z-cae8f09e,http-20260825T171719Z-cae8f09e-r1-c5,1,5,203,35.032458,3.9275,44.32925,83.29125,201,202,True,
http-20260825T171719Z-cae8f09e,http-20260825T171719Z-cae8f09e-r1-c5,1,5,204,28.201875,4.199209,39.191375,71.594416,201,202,True,
http-20260825T171719Z-cae8f09e,http-20260825T171719Z-cae8f09e-r1-c5,1,5,205,50.025709,4.04525,28.51825,82.591167,201,202,True,
http-20260825T171719Z-cae8f09e,http-20260825T171719Z-cae8f09e-r1-c5,1,5,206,32.898666,4.090458,32.623458,69.614666,201,202,True,
http-20260825T171719Z-cae8f09e,http-20260825T171719Z-cae8f09e-r1-c5,1,5,207,34.083333,4.011083,36.366917,74.464,201,202,True,
http-20260825T171719Z-cae8f09e,http-20260825T171719Z-cae8f09e-r1-c5,1,5,208,29.23175,3.920708,36.865917,70.020125,201,202,True,
http-20260825T171719Z-cae8f09e,http-20260825T171719Z-cae8f09e-r1-c5,1,5,209,28.29275,3.796666,36.228375,68.319541,201,202,True,
http-20260825T171719Z-cae8f09e,http-20260825T171719Z-cae8f09e-r1-c5,1,5,210,36.325333,4.08225,41.082375,81.491958,201,202,True,
http-20260825T171719Z-cae8f09e,http-20260825T171719Z-cae8f09e-r1-c5,1,5,211,35.62525,4.119542,41.383875,81.130708,201,202,True,
http-20260825T171719Z-cae8f09e,http-20260825T171719Z-cae8f09e-r1-c5,1,5,212,26.802583,4.245291,40.221,71.2705,201,202,True,
http-20260825T171719Z-cae8f09e,http-20260825T171719Z-cae8f09e-r1-c5,1,5,213,27.556875,3.962625,35.723625,67.245209,201,202,True,
http-20260825T171719Z-cae8f09e,http-20260825T171719Z-cae8f09e-r1-c5,1,5,214,31.650292,4.126,34.77575,70.554166,201,202,True,
http-20260825T171719Z-cae8f09e,http-20260825T171719Z-cae8f09e-r1-c5,1,5,215,36.561333,4.110291,32.797833,73.471625,201,202,True,
http-20260825T171719Z-cae8f09e,http-20260825T171719Z-cae8f09e-r1-c5,1,5,216,37.078167,3.712042,39.737458,80.528875,201,202,True,
http-20260825T171719Z-cae8f09e,http-20260825T171719Z-cae8f09e-r1-c5,1,5,217,37.250791,3.792834,42.565875,83.610667,201,202,True,
http-20260825T171719Z-cae8f09e,http-20260825T171719Z-cae8f09e-r1-c5,1,5,218,28.961208,4.078,32.1765,65.218041,201,202,True,
http-20260825T171719Z-cae8f09e,http-20260825T171719Z-cae8f09e-r1-c5,1,5,219,34.040542,3.7145,38.535875,76.293042,201,202,True,
http-20260825T171719Z-cae8f09e,http-20260825T171719Z-cae8f09e-r1-c10,1,10,230,42.77325,4.260291,43.508458,90.544375,201,202,True,
http-20260825T171719Z-cae8f09e,http-20260825T171719Z-cae8f09e-r1-c10,1,10,231,76.501375,4.405708,69.373291,150.281792,201,202,True,
http-20260825T171719Z-cae8f09e,http-20260825T171719Z-cae8f09e-r1-c10,1,10,232,51.524625,4.090375,52.376084,107.992917,201,202,True,
http-20260825T171719Z-cae8f09e,http-20260825T171719Z-cae8f09e-r1-c10,1,10,233,55.753917,4.058083,75.895667,135.709375,201,202,True,
http-20260825T171719Z-cae8f09e,http-20260825T171719Z-cae8f09e-r1-c10,1,10,234,68.011416,4.091834,75.334792,147.440042,201,202,True,
http-20260825T171719Z-cae8f09e,http-20260825T171719Z-cae8f09e-r1-c10,1,10,235,60.004334,3.954708,76.497416,140.458667,201,202,True,
http-20260825T171719Z-cae8f09e,http-20260825T171719Z-cae8f09e-r1-c10,1,10,236,80.775583,4.10525,75.925958,160.808583,201,202,True,
http-20260825T171719Z-cae8f09e,http-20260825T171719Z-cae8f09e-r1-c10,1,10,237,46.767958,4.248292,56.405,107.423625,201,202,True,
http-20260825T171719Z-cae8f09e,http-20260825T171719Z-cae8f09e-r1-c10,1,10,238,63.984292,3.712333,80.457792,148.15575,201,202,True,
http-20260825T171719Z-cae8f09e,http-20260825T171719Z-cae8f09e-r1-c10,1,10,239,72.035959,3.815167,76.676916,152.529833,201,202,True,
http-20260825T171719Z-cae8f09e,http-20260825T171719Z-cae8f09e-r1-c10,1,10,240,77.006917,4.045875,52.302083,133.356708,201,202,True,
http-20260825T171719Z-cae8f09e,http-20260825T171719Z-cae8f09e-r1-c10,1,10,241,68.179333,3.905542,58.576667,130.663083,201,202,True,
http-20260825T171719Z-cae8f09e,http-20260825T171719Z-cae8f09e-r1-c10,1,10,242,63.67975,3.978792,62.558583,130.218958,201,202,True,
http-20260825T171719Z-cae8f09e,http-20260825T171719Z-cae8f09e-r1-c10,1,10,243,46.404541,4.312208,58.468625,109.187709,201,202,True,
http-20260825T171719Z-cae8f09e,http-20260825T171719Z-cae8f09e-r1-c10,1,10,244,46.14225,3.993584,78.131292,128.268709,201,202,True,
http-20260825T171719Z-cae8f09e,http-20260825T171719Z-cae8f09e-r1-c10,1,10,245,58.976625,4.014959,61.770708,124.764375,201,202,True,
http-20260825T171719Z-cae8f09e,http-20260825T171719Z-cae8f09e-r1-c10,1,10,246,62.229459,3.912,67.884958,134.027958,201,202,True,
http-20260825T171719Z-cae8f09e,http-20260825T171719Z-cae8f09e-r1-c10,1,10,247,51.969458,4.084875,76.131334,132.188458,201,202,True,
http-20260825T171719Z-cae8f09e,http-20260825T171719Z-cae8f09e-r1-c10,1,10,248,62.03675,4.158625,65.648041,131.845792,201,202,True,
http-20260825T171719Z-cae8f09e,http-20260825T171719Z-cae8f09e-r1-c10,1,10,249,58.367541,4.036625,71.213708,133.619792,201,202,True,
http-20260825T171719Z-cae8f09e,http-20260825T171719Z-cae8f09e-r1-c10,1,10,250,71.433667,4.306125,51.336708,127.078667,201,202,True,
http-20260825T171719Z-cae8f09e,http-20260825T171719Z-cae8f09e-r1-c10,1,10,251,61.398375,3.882333,53.487459,118.769916,201,202,True,
http-20260825T171719Z-cae8f09e,http-20260825T171719Z-cae8f09e-r1-c10,1,10,252,65.306583,3.900167,69.181,138.389166,201,202,True,
http-20260825T171719Z-cae8f09e,http-20260825T171719Z-cae8f09e-r1-c10,1,10,253,62.992667,3.741667,63.926041,130.661958,201,202,True,
http-20260825T171719Z-cae8f09e,http-20260825T171719Z-cae8f09e-r1-c10,1,10,254,42.952333,3.652625,71.065792,117.671709,201,202,True,
http-20260825T171719Z-cae8f09e,http-20260825T171719Z-cae8f09e-r1-c10,1,10,255,44.042167,3.926875,65.605084,113.575833,201,202,True,
http-20260825T171719Z-cae8f09e,http-20260825T171719Z-cae8f09e-r1-c10,1,10,256,54.766792,3.909125,61.684875,120.362417,201,202,True,
http-20260825T171719Z-cae8f09e,http-20260825T171719Z-cae8f09e-r1-c10,1,10,257,50.294375,4.062875,73.598708,127.958,201,202,True,
http-20260825T171719Z-cae8f09e,http-20260825T171719Z-cae8f09e-r1-c10,1,10,258,42.561209,4.062917,74.108083,120.733875,201,202,True,
http-20260825T171719Z-cae8f09e,http-20260825T171719Z-cae8f09e-r1-c10,1,10,259,58.007166,4.054291,72.077667,134.140791,201,202,True,
http-20260825T171719Z-cae8f09e,http-20260825T171719Z-cae8f09e-r1-c10,1,10,260,71.729083,4.422792,48.476291,124.630583,201,202,True,
http-20260825T171719Z-cae8f09e,http-20260825T171719Z-cae8f09e-r1-c10,1,10,261,81.319708,3.907959,53.332416,138.561875,201,202,True,
http-20260825T171719Z-cae8f09e,http-20260825T171719Z-cae8f09e-r1-c10,1,10,262,58.06725,4.28425,49.710791,112.064125,201,202,True,
http-20260825T171719Z-cae8f09e,http-20260825T171719Z-cae8f09e-r1-c10,1,10,263,65.625375,3.815916,62.191459,131.634584,201,202,True,
http-20260825T171719Z-cae8f09e,http-20260825T171719Z-cae8f09e-r1-c10,1,10,264,60.607291,3.981833,71.40075,135.991459,201,202,True,
http-20260825T171719Z-cae8f09e,http-20260825T171719Z-cae8f09e-r1-c10,1,10,265,64.07375,4.010875,67.07375,135.160417,201,202,True,
http-20260825T171719Z-cae8f09e,http-20260825T171719Z-cae8f09e-r1-c10,1,10,266,60.292083,3.871792,70.603709,134.768916,201,202,True,
http-20260825T171719Z-cae8f09e,http-20260825T171719Z-cae8f09e-r1-c10,1,10,267,49.465084,4.056834,73.363125,126.887333,201,202,True,
http-20260825T171719Z-cae8f09e,http-20260825T171719Z-cae8f09e-r1-c10,1,10,268,48.74575,3.707333,78.118125,130.572917,201,202,True,
http-20260825T171719Z-cae8f09e,http-20260825T171719Z-cae8f09e-r1-c10,1,10,269,54.599375,4.059,62.522666,121.183,201,202,True,
http-20260825T171719Z-cae8f09e,http-20260825T171719Z-cae8f09e-r1-c10,1,10,270,70.419,3.991541,64.733375,139.145709,201,202,True,
http-20260825T171719Z-cae8f09e,http-20260825T171719Z-cae8f09e-r1-c10,1,10,271,64.304125,4.141209,75.329667,143.776875,201,202,True,
http-20260825T171719Z-cae8f09e,http-20260825T171719Z-cae8f09e-r1-c10,1,10,272,60.837416,4.085083,81.343625,146.268042,201,202,True,
http-20260825T171719Z-cae8f09e,http-20260825T171719Z-cae8f09e-r1-c10,1,10,273,52.641791,4.163,69.182292,125.988792,201,202,True,
http-20260825T171719Z-cae8f09e,http-20260825T171719Z-cae8f09e-r1-c10,1,10,274,48.217125,4.016625,79.963709,132.199916,201,202,True,
http-20260825T171719Z-cae8f09e,http-20260825T171719Z-cae8f09e-r1-c10,1,10,275,43.559083,4.2215,52.15175,99.934625,201,202,True,
http-20260825T171719Z-cae8f09e,http-20260825T171719Z-cae8f09e-r1-c10,1,10,276,41.872292,4.029167,65.060583,110.96425,201,202,True,
http-20260825T171719Z-cae8f09e,http-20260825T171719Z-cae8f09e-r1-c10,1,10,277,56.502583,4.340459,88.465417,149.311541,201,202,True,
http-20260825T171719Z-cae8f09e,http-20260825T171719Z-cae8f09e-r1-c10,1,10,278,44.620208,4.257125,78.033166,126.913,201,202,True,
http-20260825T171719Z-cae8f09e,http-20260825T171719Z-cae8f09e-r1-c10,1,10,279,64.721,4.007125,79.008333,147.7385,201,202,True,
http-20260825T171719Z-cae8f09e,http-20260825T171719Z-cae8f09e-r1-c10,1,10,280,72.637375,4.423042,51.87875,128.941542,201,202,True,
http-20260825T171719Z-cae8f09e,http-20260825T171719Z-cae8f09e-r1-c10,1,10,281,76.646333,4.102,60.405875,141.155625,201,202,True,
http-20260825T171719Z-cae8f09e,http-20260825T171719Z-cae8f09e-r1-c10,1,10,282,71.385,4.123042,74.215875,149.725875,201,202,True,
http-20260825T171719Z-cae8f09e,http-20260825T171719Z-cae8f09e-r1-c10,1,10,283,72.846666,3.96075,63.820375,140.629875,201,202,True,
http-20260825T171719Z-cae8f09e,http-20260825T171719Z-cae8f09e-r1-c10,1,10,284,69.573375,3.960542,69.917875,143.453333,201,202,True,
http-20260825T171719Z-cae8f09e,http-20260825T171719Z-cae8f09e-r1-c10,1,10,285,72.228417,4.033916,67.226291,143.490667,201,202,True,
http-20260825T171719Z-cae8f09e,http-20260825T171719Z-cae8f09e-r1-c10,1,10,286,65.880875,3.902541,65.938417,135.723625,201,202,True,
http-20260825T171719Z-cae8f09e,http-20260825T171719Z-cae8f09e-r1-c10,1,10,287,55.991333,3.9915,68.856292,128.841042,201,202,True,
http-20260825T171719Z-cae8f09e,http-20260825T171719Z-cae8f09e-r1-c10,1,10,288,71.377958,3.899667,56.932041,132.211833,201,202,True,
http-20260825T171719Z-cae8f09e,http-20260825T171719Z-cae8f09e-r1-c10,1,10,289,73.148916,3.872416,49.877875,126.900791,201,202,True,
http-20260825T171719Z-cae8f09e,http-20260825T171719Z-cae8f09e-r1-c10,1,10,290,71.142958,4.197666,46.44725,121.790583,201,202,True,
http-20260825T171719Z-cae8f09e,http-20260825T171719Z-cae8f09e-r1-c10,1,10,291,62.224667,3.796583,57.496917,123.519958,201,202,True,
http-20260825T171719Z-cae8f09e,http-20260825T171719Z-cae8f09e-r1-c10,1,10,292,54.213292,3.859042,62.125583,120.199291,201,202,True,
http-20260825T171719Z-cae8f09e,http-20260825T171719Z-cae8f09e-r1-c10,1,10,293,56.147917,3.708625,65.902667,125.760125,201,202,True,
http-20260825T171719Z-cae8f09e,http-20260825T171719Z-cae8f09e-r1-c10,1,10,294,59.99525,3.924625,64.52625,128.447625,201,202,True,
http-20260825T171719Z-cae8f09e,http-20260825T171719Z-cae8f09e-r1-c10,1,10,295,54.313417,3.92075,65.385292,123.621208,201,202,True,
http-20260825T171719Z-cae8f09e,http-20260825T171719Z-cae8f09e-r1-c10,1,10,296,43.6265,3.878708,69.624458,117.131416,201,202,True,
http-20260825T171719Z-cae8f09e,http-20260825T171719Z-cae8f09e-r1-c10,1,10,297,52.606334,4.029666,71.680083,128.317833,201,202,True,
http-20260825T171719Z-cae8f09e,http-20260825T171719Z-cae8f09e-r1-c10,1,10,298,47.382958,4.23325,64.952,116.570334,201,202,True,
http-20260825T171719Z-cae8f09e,http-20260825T171719Z-cae8f09e-r1-c10,1,10,299,57.498083,4.137583,55.333708,116.971417,201,202,True,
http-20260825T171719Z-cae8f09e,http-20260825T171719Z-cae8f09e-r1-c10,1,10,300,60.073292,3.979791,48.834917,112.88975,201,202,True,
http-20260825T171719Z-cae8f09e,http-20260825T171719Z-cae8f09e-r1-c10,1,10,301,57.966333,4.852167,42.882,105.702209,201,202,True,
http-20260825T171719Z-cae8f09e,http-20260825T171719Z-cae8f09e-r1-c10,1,10,302,62.272833,4.202416,37.436375,103.913666,201,202,True,
http-20260825T171719Z-cae8f09e,http-20260825T171719Z-cae8f09e-r1-c10,1,10,303,55.120125,3.941333,60.0795,119.142917,201,202,True,
http-20260825T171719Z-cae8f09e,http-20260825T171719Z-cae8f09e-r1-c10,1,10,304,62.775208,3.8325,75.297875,141.906917,201,202,True,
http-20260825T171719Z-cae8f09e,http-20260825T171719Z-cae8f09e-r1-c10,1,10,305,55.552459,3.625083,74.236708,133.415458,201,202,True,
http-20260825T171719Z-cae8f09e,http-20260825T171719Z-cae8f09e-r1-c10,1,10,306,60.042708,4.086875,70.914375,135.045292,201,202,True,
http-20260825T171719Z-cae8f09e,http-20260825T171719Z-cae8f09e-r1-c10,1,10,307,53.099834,3.852708,76.954125,133.908,201,202,True,
http-20260825T171719Z-cae8f09e,http-20260825T171719Z-cae8f09e-r1-c10,1,10,308,48.4165,3.740833,75.988792,128.147625,201,202,True,
http-20260825T171719Z-cae8f09e,http-20260825T171719Z-cae8f09e-r1-c10,1,10,309,46.447958,3.961459,60.202834,110.613792,201,202,True,
http-20260825T171719Z-cae8f09e,http-20260825T171719Z-cae8f09e-r1-c10,1,10,310,65.999792,4.366208,70.682917,141.050791,201,202,True,
http-20260825T171719Z-cae8f09e,http-20260825T171719Z-cae8f09e-r1-c10,1,10,311,67.188209,4.1345,70.62475,141.950167,201,202,True,
http-20260825T171719Z-cae8f09e,http-20260825T171719Z-cae8f09e-r1-c10,1,10,312,64.749167,3.968167,81.788042,150.507084,201,202,True,
http-20260825T171719Z-cae8f09e,http-20260825T171719Z-cae8f09e-r1-c10,1,10,313,72.52375,4.261958,70.277792,147.065667,201,202,True,
http-20260825T171719Z-cae8f09e,http-20260825T171719Z-cae8f09e-r1-c10,1,10,314,40.89575,4.881167,53.890125,99.668791,201,202,True,
http-20260825T171719Z-cae8f09e,http-20260825T171719Z-cae8f09e-r1-c10,1,10,315,54.261416,4.151959,69.801416,128.216291,201,202,True,
http-20260825T171719Z-cae8f09e,http-20260825T171719Z-cae8f09e-r1-c10,1,10,316,58.427834,3.920208,75.691417,138.041458,201,202,True,
http-20260825T171719Z-cae8f09e,http-20260825T171719Z-cae8f09e-r1-c10,1,10,317,59.280333,3.865833,79.440209,142.587459,201,202,True,
http-20260825T171719Z-cae8f09e,http-20260825T171719Z-cae8f09e-r1-c10,1,10,318,56.4215,3.591417,75.607916,135.622209,201,202,True,
http-20260825T171719Z-cae8f09e,http-20260825T171719Z-cae8f09e-r1-c10,1,10,319,72.643208,3.988125,55.192667,131.825625,201,202,True,
http-20260825T171719Z-cae8f09e,http-20260825T171719Z-cae8f09e-r1-c10,1,10,320,71.246458,3.986292,66.641375,141.875459,201,202,True,
http-20260825T171719Z-cae8f09e,http-20260825T171719Z-cae8f09e-r1-c10,1,10,321,64.7135,3.773125,58.315417,126.803792,201,202,True,
http-20260825T171719Z-cae8f09e,http-20260825T171719Z-cae8f09e-r1-c10,1,10,322,70.210084,3.887708,62.262583,136.362292,201,202,True,
http-20260825T171719Z-cae8f09e,http-20260825T171719Z-cae8f09e-r1-c10,1,10,323,59.6255,4.233959,66.372084,130.233417,201,202,True,
http-20260825T171719Z-cae8f09e,http-20260825T171719Z-cae8f09e-r1-c10,1,10,324,44.876375,4.107958,58.019333,107.005209,201,202,True,
http-20260825T171719Z-cae8f09e,http-20260825T171719Z-cae8f09e-r1-c10,1,10,325,55.142209,3.871167,51.364,110.378875,201,202,True,
http-20260825T171719Z-cae8f09e,http-20260825T171719Z-cae8f09e-r1-c10,1,10,326,49.885708,4.082,46.582416,100.551917,201,202,True,
http-20260825T171719Z-cae8f09e,http-20260825T171719Z-cae8f09e-r1-c10,1,10,327,81.026208,4.017792,30.067125,115.112542,201,202,True,
http-20260825T171719Z-cae8f09e,http-20260825T171719Z-cae8f09e-r1-c10,1,10,328,58.108542,3.975417,36.002125,98.08775,201,202,True,
http-20260825T171719Z-cae8f09e,http-20260825T171719Z-cae8f09e-r1-c10,1,10,329,75.863542,3.94,34.299041,114.104292,201,202,True,
http-20260825T171719Z-cae8f09e,http-20260825T171719Z-cae8f09e-r1-c20,1,20,340,61.04875,6.940125,135.113,203.103958,201,202,True,
http-20260825T171719Z-cae8f09e,http-20260825T171719Z-cae8f09e-r1-c20,1,20,341,102.29625,5.275209,218.358542,325.931292,201,202,True,
http-20260825T171719Z-cae8f09e,http-20260825T171719Z-cae8f09e-r1-c20,1,20,342,115.751459,4.556167,75.247875,195.557292,201,202,True,
http-20260825T171719Z-cae8f09e,http-20260825T171719Z-cae8f09e-r1-c20,1,20,343,124.894708,3.839375,133.244292,261.979416,201,202,True,
http-20260825T171719Z-cae8f09e,http-20260825T171719Z-cae8f09e-r1-c20,1,20,344,73.753291,6.936625,96.196458,176.88875,201,202,True,
http-20260825T171719Z-cae8f09e,http-20260825T171719Z-cae8f09e-r1-c20,1,20,345,149.316584,3.786292,121.131792,274.235833,201,202,True,
http-20260825T171719Z-cae8f09e,http-20260825T171719Z-cae8f09e-r1-c20,1,20,346,111.594417,3.760625,87.460417,202.816166,201,202,True,
http-20260825T171719Z-cae8f09e,http-20260825T171719Z-cae8f09e-r1-c20,1,20,347,144.931,4.104166,119.430167,268.467584,201,202,True,
http-20260825T171719Z-cae8f09e,http-20260825T171719Z-cae8f09e-r1-c20,1,20,348,132.631208,3.799334,188.956709,325.388583,201,202,True,
http-20260825T171719Z-cae8f09e,http-20260825T171719Z-cae8f09e-r1-c20,1,20,349,152.997292,3.904333,136.932292,293.834791,201,202,True,
http-20260825T171719Z-cae8f09e,http-20260825T171719Z-cae8f09e-r1-c20,1,20,350,168.654542,3.94375,202.923333,375.522834,201,202,True,
http-20260825T171719Z-cae8f09e,http-20260825T171719Z-cae8f09e-r1-c20,1,20,351,107.255875,3.937834,111.208792,222.403625,201,202,True,
http-20260825T171719Z-cae8f09e,http-20260825T171719Z-cae8f09e-r1-c20,1,20,352,140.302458,3.890583,149.394417,293.588875,201,202,True,
http-20260825T171719Z-cae8f09e,http-20260825T171719Z-cae8f09e-r1-c20,1,20,353,160.684333,3.6445,97.0195,261.349125,201,202,True,
http-20260825T171719Z-cae8f09e,http-20260825T171719Z-cae8f09e-r1-c20,1,20,354,164.496167,3.846125,182.360166,350.704333,201,202,True,
http-20260825T171719Z-cae8f09e,http-20260825T171719Z-cae8f09e-r1-c20,1,20,355,156.751584,3.744125,160.188583,320.685291,201,202,True,
http-20260825T171719Z-cae8f09e,http-20260825T171719Z-cae8f09e-r1-c20,1,20,356,136.170125,3.833167,81.937,221.94175,201,202,True,
http-20260825T171719Z-cae8f09e,http-20260825T171719Z-cae8f09e-r1-c20,1,20,357,119.842417,4.179542,86.644084,210.668584,201,202,True,
http-20260825T171719Z-cae8f09e,http-20260825T171719Z-cae8f09e-r1-c20,1,20,358,128.264667,3.758041,107.26375,239.288,201,202,True,
http-20260825T171719Z-cae8f09e,http-20260825T171719Z-cae8f09e-r1-c20,1,20,359,172.315916,3.711041,84.877875,260.906334,201,202,True,
http-20260825T171719Z-cae8f09e,http-20260825T171719Z-cae8f09e-r1-c20,1,20,360,110.519542,3.78525,140.975583,255.28175,201,202,True,
http-20260825T171719Z-cae8f09e,http-20260825T171719Z-cae8f09e-r1-c20,1,20,361,172.226917,3.740375,174.248458,350.217084,201,202,True,
http-20260825T171719Z-cae8f09e,http-20260825T171719Z-cae8f09e-r1-c20,1,20,362,143.177583,3.977917,96.974208,244.131167,201,202,True,
http-20260825T171719Z-cae8f09e,http-20260825T171719Z-cae8f09e-r1-c20,1,20,363,97.961416,3.89025,112.48075,214.333875,201,202,True,
http-20260825T171719Z-cae8f09e,http-20260825T171719Z-cae8f09e-r1-c20,1,20,364,152.282,3.957916,172.685875,328.927166,201,202,True,
http-20260825T171719Z-cae8f09e,http-20260825T171719Z-cae8f09e-r1-c20,1,20,365,98.922542,3.881083,118.110417,220.915625,201,202,True,
http-20260825T171719Z-cae8f09e,http-20260825T171719Z-cae8f09e-r1-c20,1,20,366,111.119166,4.202375,106.113583,221.437167,201,202,True,
http-20260825T171719Z-cae8f09e,http-20260825T171719Z-cae8f09e-r1-c20,1,20,367,101.31025,4.3735,106.697917,212.383458,201,202,True,
http-20260825T171719Z-cae8f09e,http-20260825T171719Z-cae8f09e-r1-c20,1,20,368,93.519083,4.171583,85.720041,183.412416,201,202,True,
http-20260825T171719Z-cae8f09e,http-20260825T171719Z-cae8f09e-r1-c20,1,20,369,114.120167,3.85875,105.017459,222.997875,201,202,True,
http-20260825T171719Z-cae8f09e,http-20260825T171719Z-cae8f09e-r1-c20,1,20,370,118.101459,4.150125,90.03925,212.29325,201,202,True,
http-20260825T171719Z-cae8f09e,http-20260825T171719Z-cae8f09e-r1-c20,1,20,371,103.034959,3.966042,93.714792,200.717833,201,202,True,
http-20260825T171719Z-cae8f09e,http-20260825T171719Z-cae8f09e-r1-c20,1,20,372,85.281208,3.877667,112.355334,201.51525,201,202,True,
http-20260825T171719Z-cae8f09e,http-20260825T171719Z-cae8f09e-r1-c20,1,20,373,112.599167,4.090416,181.440166,298.131792,201,202,True,
http-20260825T171719Z-cae8f09e,http-20260825T171719Z-cae8f09e-r1-c20,1,20,374,125.718625,3.9825,148.843375,278.545958,201,202,True,
http-20260825T171719Z-cae8f09e,http-20260825T171719Z-cae8f09e-r1-c20,1,20,375,102.877709,3.912875,144.731542,251.52325,201,202,True,
http-20260825T171719Z-cae8f09e,http-20260825T171719Z-cae8f09e-r1-c20,1,20,376,102.528583,3.917167,109.36325,215.810584,201,202,True,
http-20260825T171719Z-cae8f09e,http-20260825T171719Z-cae8f09e-r1-c20,1,20,377,85.152458,3.87425,193.858875,282.887125,201,202,True,
http-20260825T171719Z-cae8f09e,http-20260825T171719Z-cae8f09e-r1-c20,1,20,378,113.948791,3.959083,86.153,204.062,201,202,True,
http-20260825T171719Z-cae8f09e,http-20260825T171719Z-cae8f09e-r1-c20,1,20,379,109.116667,4.012166,170.095792,283.225917,201,202,True,
http-20260825T171719Z-cae8f09e,http-20260825T171719Z-cae8f09e-r1-c20,1,20,380,138.141125,4.0695,92.131875,234.34425,201,202,True,
http-20260825T171719Z-cae8f09e,http-20260825T171719Z-cae8f09e-r1-c20,1,20,381,113.607166,4.117875,98.836167,216.562625,201,202,True,
http-20260825T171719Z-cae8f09e,http-20260825T171719Z-cae8f09e-r1-c20,1,20,382,135.050041,3.878709,123.785833,262.716167,201,202,True,
http-20260825T171719Z-cae8f09e,http-20260825T171719Z-cae8f09e-r1-c20,1,20,383,130.251708,3.859916,92.225041,226.338084,201,202,True,
http-20260825T171719Z-cae8f09e,http-20260825T171719Z-cae8f09e-r1-c20,1,20,384,84.138417,4.108666,100.0325,188.281375,201,202,True,
http-20260825T171719Z-cae8f09e,http-20260825T171719Z-cae8f09e-r1-c20,1,20,385,94.701167,3.92625,257.886208,356.51525,201,202,True,
http-20260825T171719Z-cae8f09e,http-20260825T171719Z-cae8f09e-r1-c20,1,20,386,98.769625,3.925,129.306458,232.003,201,202,True,
http-20260825T171719Z-cae8f09e,http-20260825T171719Z-cae8f09e-r1-c20,1,20,387,99.041459,3.995459,116.554208,219.592792,201,202,True,
http-20260825T171719Z-cae8f09e,http-20260825T171719Z-cae8f09e-r1-c20,1,20,388,89.991083,4.020542,96.779333,190.792708,201,202,True,
http-20260825T171719Z-cae8f09e,http-20260825T171719Z-cae8f09e-r1-c20,1,20,389,119.98,3.940917,244.964,368.886291,201,202,True,
http-20260825T171719Z-cae8f09e,http-20260825T171719Z-cae8f09e-r1-c20,1,20,390,116.650833,4.161792,160.94675,281.761208,201,202,True,
http-20260825T171719Z-cae8f09e,http-20260825T171719Z-cae8f09e-r1-c20,1,20,391,148.862,4.212375,90.853625,243.930042,201,202,True,
http-20260825T171719Z-cae8f09e,http-20260825T171719Z-cae8f09e-r1-c20,1,20,392,96.91725,3.988584,120.133583,221.040958,201,202,True,
http-20260825T171719Z-cae8f09e,http-20260825T171719Z-cae8f09e-r1-c20,1,20,393,216.923583,3.773708,93.884458,314.583084,201,202,True,
http-20260825T171719Z-cae8f09e,http-20260825T171719Z-cae8f09e-r1-c20,1,20,394,89.114375,4.116166,107.840625,201.073125,201,202,True,
http-20260825T171719Z-cae8f09e,http-20260825T171719Z-cae8f09e-r1-c20,1,20,395,93.815375,3.888416,103.631916,201.337417,201,202,True,
http-20260825T171719Z-cae8f09e,http-20260825T171719Z-cae8f09e-r1-c20,1,20,396,129.1475,3.95925,203.16175,336.270208,201,202,True,
http-20260825T171719Z-cae8f09e,http-20260825T171719Z-cae8f09e-r1-c20,1,20,397,92.442333,4.104166,118.07925,214.627292,201,202,True,
http-20260825T171719Z-cae8f09e,http-20260825T171719Z-cae8f09e-r1-c20,1,20,398,84.91425,4.142417,160.650542,249.70875,201,202,True,
http-20260825T171719Z-cae8f09e,http-20260825T171719Z-cae8f09e-r1-c20,1,20,399,99.364167,3.921,104.431792,207.718667,201,202,True,
http-20260825T171719Z-cae8f09e,http-20260825T171719Z-cae8f09e-r1-c20,1,20,400,103.73325,3.717792,167.853333,275.305875,201,202,True,
http-20260825T171719Z-cae8f09e,http-20260825T171719Z-cae8f09e-r1-c20,1,20,401,76.685416,4.151083,85.87875,166.717208,201,202,True,
http-20260825T171719Z-cae8f09e,http-20260825T171719Z-cae8f09e-r1-c20,1,20,402,89.255917,4.044708,88.205375,181.507667,201,202,True,
http-20260825T171719Z-cae8f09e,http-20260825T171719Z-cae8f09e-r1-c20,1,20,403,79.049209,3.956167,155.295916,238.303292,201,202,True,
http-20260825T171719Z-cae8f09e,http-20260825T171719Z-cae8f09e-r1-c20,1,20,404,109.397042,3.981417,138.767708,252.148083,201,202,True,
http-20260825T171719Z-cae8f09e,http-20260825T171719Z-cae8f09e-r1-c20,1,20,405,102.793958,3.886459,99.933542,206.615875,201,202,True,
http-20260825T171719Z-cae8f09e,http-20260825T171719Z-cae8f09e-r1-c20,1,20,406,102.321666,3.946875,174.743875,281.013542,201,202,True,
http-20260825T171719Z-cae8f09e,http-20260825T171719Z-cae8f09e-r1-c20,1,20,407,93.069833,3.918459,164.241459,261.231333,201,202,True,
http-20260825T171719Z-cae8f09e,http-20260825T171719Z-cae8f09e-r1-c20,1,20,408,97.6135,4.151708,88.6075,190.374667,201,202,True,
http-20260825T171719Z-cae8f09e,http-20260825T171719Z-cae8f09e-r1-c20,1,20,409,180.122916,3.991584,112.291167,296.407166,201,202,True,
http-20260825T171719Z-cae8f09e,http-20260825T171719Z-cae8f09e-r1-c20,1,20,410,128.148209,4.043833,110.256,242.450083,201,202,True,
http-20260825T171719Z-cae8f09e,http-20260825T171719Z-cae8f09e-r1-c20,1,20,411,125.065291,4.028667,115.640042,244.736166,201,202,True,
http-20260825T171719Z-cae8f09e,http-20260825T171719Z-cae8f09e-r1-c20,1,20,412,95.053042,4.103958,188.526166,287.685417,201,202,True,
http-20260825T171719Z-cae8f09e,http-20260825T171719Z-cae8f09e-r1-c20,1,20,413,211.299083,3.810375,95.897375,311.008792,201,202,True,
http-20260825T171719Z-cae8f09e,http-20260825T171719Z-cae8f09e-r1-c20,1,20,414,104.341709,4.117166,127.084375,235.544709,201,202,True,
http-20260825T171719Z-cae8f09e,http-20260825T171719Z-cae8f09e-r1-c20,1,20,415,115.695709,3.901083,104.037334,223.635958,201,202,True,
http-20260825T171719Z-cae8f09e,http-20260825T171719Z-cae8f09e-r1-c20,1,20,416,112.942125,4.019167,200.335125,317.299333,201,202,True,
http-20260825T171719Z-cae8f09e,http-20260825T171719Z-cae8f09e-r1-c20,1,20,417,88.662875,4.142416,93.335167,186.142292,201,202,True,
http-20260825T171719Z-cae8f09e,http-20260825T171719Z-cae8f09e-r1-c20,1,20,418,93.513292,4.160959,99.775459,197.451375,201,202,True,
http-20260825T171719Z-cae8f09e,http-20260825T171719Z-cae8f09e-r1-c20,1,20,419,104.781375,4.035292,96.644,205.462458,201,202,True,
http-20260825T171719Z-cae8f09e,http-20260825T171719Z-cae8f09e-r1-c20,1,20,420,121.015167,4.40375,118.299166,243.71975,201,202,True,
http-20260825T171719Z-cae8f09e,http-20260825T171719Z-cae8f09e-r1-c20,1,20,421,104.385042,4.11225,184.5825,293.082042,201,202,True,
http-20260825T171719Z-cae8f09e,http-20260825T171719Z-cae8f09e-r1-c20,1,20,422,130.234666,4.101209,148.220666,282.558,201,202,True,
http-20260825T171719Z-cae8f09e,http-20260825T171719Z-cae8f09e-r1-c20,1,20,423,100.23475,3.958208,111.228917,215.424042,201,202,True,
http-20260825T171719Z-cae8f09e,http-20260825T171719Z-cae8f09e-r1-c20,1,20,424,131.862417,4.1335,114.562542,250.560084,201,202,True,
http-20260825T171719Z-cae8f09e,http-20260825T171719Z-cae8f09e-r1-c20,1,20,425,175.650708,3.991458,134.819458,314.463583,201,202,True,
http-20260825T171719Z-cae8f09e,http-20260825T171719Z-cae8f09e-r1-c20,1,20,426,103.148583,4.380375,140.67425,248.20475,201,202,True,
http-20260825T171719Z-cae8f09e,http-20260825T171719Z-cae8f09e-r1-c20,1,20,427,100.15425,4.058125,127.98375,232.198084,201,202,True,
http-20260825T171719Z-cae8f09e,http-20260825T171719Z-cae8f09e-r1-c20,1,20,428,117.6935,4.03875,118.884167,240.618167,201,202,True,
http-20260825T171719Z-cae8f09e,http-20260825T171719Z-cae8f09e-r1-c20,1,20,429,82.933166,4.079,106.964375,193.978125,201,202,True,
http-20260825T171719Z-cae8f09e,http-20260825T171719Z-cae8f09e-r1-c20,1,20,430,106.209125,4.028083,88.337791,198.576792,201,202,True,
http-20260825T171719Z-cae8f09e,http-20260825T171719Z-cae8f09e-r1-c20,1,20,431,152.637334,3.979833,74.422375,231.040958,201,202,True,
http-20260825T171719Z-cae8f09e,http-20260825T171719Z-cae8f09e-r1-c20,1,20,432,102.938708,4.07175,94.199292,201.211792,201,202,True,
http-20260825T171719Z-cae8f09e,http-20260825T171719Z-cae8f09e-r1-c20,1,20,433,98.639417,3.906209,106.446083,208.993333,201,202,True,
http-20260825T171719Z-cae8f09e,http-20260825T171719Z-cae8f09e-r1-c20,1,20,434,75.593542,4.078584,109.274041,188.947875,201,202,True,
http-20260825T171719Z-cae8f09e,http-20260825T171719Z-cae8f09e-r1-c20,1,20,435,109.956166,4.273167,84.83125,199.074125,201,202,True,
http-20260825T171719Z-cae8f09e,http-20260825T171719Z-cae8f09e-r1-c20,1,20,436,100.951833,3.824791,90.948792,195.726917,201,202,True,
http-20260825T171719Z-cae8f09e,http-20260825T171719Z-cae8f09e-r1-c20,1,20,437,118.890083,3.951667,64.526625,187.370541,201,202,True,
http-20260825T171719Z-cae8f09e,http-20260825T171719Z-cae8f09e-r1-c20,1,20,438,128.032833,3.996166,35.698667,167.729333,201,202,True,
http-20260825T171719Z-cae8f09e,http-20260825T171719Z-cae8f09e-r1-c20,1,20,439,102.980375,4.3105,44.477083,151.769875,201,202,True,
http-20260825T171719Z-cae8f09e,http-20260825T171719Z-cae8f09e-r2-c1,2,1,450,18.868291,4.266375,23.04275,46.179375,201,202,True,
http-20260825T171719Z-cae8f09e,http-20260825T171719Z-cae8f09e-r2-c1,2,1,451,18.860667,4.178584,23.21125,46.252333,201,202,True,
http-20260825T171719Z-cae8f09e,http-20260825T171719Z-cae8f09e-r2-c1,2,1,452,20.281792,4.232,21.927833,46.443708,201,202,True,
http-20260825T171719Z-cae8f09e,http-20260825T171719Z-cae8f09e-r2-c1,2,1,453,18.096375,4.123334,22.018291,44.239875,201,202,True,
http-20260825T171719Z-cae8f09e,http-20260825T171719Z-cae8f09e-r2-c1,2,1,454,18.059542,4.260625,22.986209,45.308584,201,202,True,
http-20260825T171719Z-cae8f09e,http-20260825T171719Z-cae8f09e-r2-c1,2,1,455,18.123667,4.258959,22.11675,44.501834,201,202,True,
http-20260825T171719Z-cae8f09e,http-20260825T171719Z-cae8f09e-r2-c1,2,1,456,19.700708,4.12025,21.468708,45.29175,201,202,True,
http-20260825T171719Z-cae8f09e,http-20260825T171719Z-cae8f09e-r2-c1,2,1,457,18.571791,4.392084,22.984833,45.950666,201,202,True,
http-20260825T171719Z-cae8f09e,http-20260825T171719Z-cae8f09e-r2-c1,2,1,458,20.275375,4.317667,22.245,46.840167,201,202,True,
http-20260825T171719Z-cae8f09e,http-20260825T171719Z-cae8f09e-r2-c1,2,1,459,18.407458,4.1115,22.263,44.783916,201,202,True,
http-20260825T171719Z-cae8f09e,http-20260825T171719Z-cae8f09e-r2-c1,2,1,460,18.594625,3.974833,21.0015,43.57275,201,202,True,
http-20260825T171719Z-cae8f09e,http-20260825T171719Z-cae8f09e-r2-c1,2,1,461,19.058584,4.423542,23.033458,46.517583,201,202,True,
http-20260825T171719Z-cae8f09e,http-20260825T171719Z-cae8f09e-r2-c1,2,1,462,19.825292,4.342917,22.851542,47.021542,201,202,True,
http-20260825T171719Z-cae8f09e,http-20260825T171719Z-cae8f09e-r2-c1,2,1,463,17.80375,4.249,22.886041,44.940666,201,202,True,
http-20260825T171719Z-cae8f09e,http-20260825T171719Z-cae8f09e-r2-c1,2,1,464,20.113083,4.712167,22.210375,47.037417,201,202,True,
http-20260825T171719Z-cae8f09e,http-20260825T171719Z-cae8f09e-r2-c1,2,1,465,19.727292,4.5605,23.624417,47.9145,201,202,True,
http-20260825T171719Z-cae8f09e,http-20260825T171719Z-cae8f09e-r2-c1,2,1,466,19.986791,4.301333,22.390208,46.680041,201,202,True,
http-20260825T171719Z-cae8f09e,http-20260825T171719Z-cae8f09e-r2-c1,2,1,467,19.441333,4.085625,23.554709,47.083583,201,202,True,
http-20260825T171719Z-cae8f09e,http-20260825T171719Z-cae8f09e-r2-c1,2,1,468,18.855083,4.746625,22.589833,46.193375,201,202,True,
http-20260825T171719Z-cae8f09e,http-20260825T171719Z-cae8f09e-r2-c1,2,1,469,20.668916,4.546333,23.736709,48.954666,201,202,True,
http-20260825T171719Z-cae8f09e,http-20260825T171719Z-cae8f09e-r2-c1,2,1,470,19.714833,4.292959,22.879166,46.888834,201,202,True,
http-20260825T171719Z-cae8f09e,http-20260825T171719Z-cae8f09e-r2-c1,2,1,471,18.049375,4.158458,21.674292,43.883917,201,202,True,
http-20260825T171719Z-cae8f09e,http-20260825T171719Z-cae8f09e-r2-c1,2,1,472,19.062458,4.08825,22.318916,45.4715,201,202,True,
http-20260825T171719Z-cae8f09e,http-20260825T171719Z-cae8f09e-r2-c1,2,1,473,18.470958,4.228458,21.511666,44.212917,201,202,True,
http-20260825T171719Z-cae8f09e,http-20260825T171719Z-cae8f09e-r2-c1,2,1,474,18.533042,4.315542,20.666375,43.516917,201,202,True,
http-20260825T171719Z-cae8f09e,http-20260825T171719Z-cae8f09e-r2-c1,2,1,475,18.832459,4.202542,21.767375,44.804167,201,202,True,
http-20260825T171719Z-cae8f09e,http-20260825T171719Z-cae8f09e-r2-c1,2,1,476,17.935708,4.209417,22.075166,44.222458,201,202,True,
http-20260825T171719Z-cae8f09e,http-20260825T171719Z-cae8f09e-r2-c1,2,1,477,18.091209,4.313292,21.837625,44.244292,201,202,True,
http-20260825T171719Z-cae8f09e,http-20260825T171719Z-cae8f09e-r2-c1,2,1,478,19.955042,4.180125,22.289167,46.425916,201,202,True,
http-20260825T171719Z-cae8f09e,http-20260825T171719Z-cae8f09e-r2-c1,2,1,479,20.480209,4.585875,22.076,47.144083,201,202,True,
http-20260825T171719Z-cae8f09e,http-20260825T171719Z-cae8f09e-r2-c1,2,1,480,18.860666,4.400084,23.290167,46.553375,201,202,True,
http-20260825T171719Z-cae8f09e,http-20260825T171719Z-cae8f09e-r2-c1,2,1,481,20.345667,4.164,21.939542,46.451166,201,202,True,
http-20260825T171719Z-cae8f09e,http-20260825T171719Z-cae8f09e-r2-c1,2,1,482,19.083917,4.339125,22.043625,45.468416,201,202,True,
http-20260825T171719Z-cae8f09e,http-20260825T171719Z-cae8f09e-r2-c1,2,1,483,18.447291,4.381583,21.533458,44.363917,201,202,True,
http-20260825T171719Z-cae8f09e,http-20260825T171719Z-cae8f09e-r2-c1,2,1,484,21.035042,4.591042,22.739458,48.367875,201,202,True,
http-20260825T171719Z-cae8f09e,http-20260825T171719Z-cae8f09e-r2-c1,2,1,485,20.017959,4.258583,25.109375,49.387584,201,202,True,
http-20260825T171719Z-cae8f09e,http-20260825T171719Z-cae8f09e-r2-c1,2,1,486,20.323208,4.253417,24.275584,48.853834,201,202,True,
http-20260825T171719Z-cae8f09e,http-20260825T171719Z-cae8f09e-r2-c1,2,1,487,19.647583,4.06275,22.718459,46.430917,201,202,True,
http-20260825T171719Z-cae8f09e,http-20260825T171719Z-cae8f09e-r2-c1,2,1,488,18.127625,4.458458,21.887875,44.4755,201,202,True,
http-20260825T171719Z-cae8f09e,http-20260825T171719Z-cae8f09e-r2-c1,2,1,489,19.293584,4.616791,22.579333,46.49225,201,202,True,
http-20260825T171719Z-cae8f09e,http-20260825T171719Z-cae8f09e-r2-c1,2,1,490,18.615875,4.388791,21.848541,44.855,201,202,True,
http-20260825T171719Z-cae8f09e,http-20260825T171719Z-cae8f09e-r2-c1,2,1,491,18.302875,4.429916,22.97325,45.70775,201,202,True,
http-20260825T171719Z-cae8f09e,http-20260825T171719Z-cae8f09e-r2-c1,2,1,492,22.666125,4.455708,23.039375,50.162916,201,202,True,
http-20260825T171719Z-cae8f09e,http-20260825T171719Z-cae8f09e-r2-c1,2,1,493,19.05675,4.058,21.659958,44.776625,201,202,True,
http-20260825T171719Z-cae8f09e,http-20260825T171719Z-cae8f09e-r2-c1,2,1,494,19.326833,4.494,24.500833,48.32325,201,202,True,
http-20260825T171719Z-cae8f09e,http-20260825T171719Z-cae8f09e-r2-c1,2,1,495,20.114083,4.494208,22.073042,46.683458,201,202,True,
http-20260825T171719Z-cae8f09e,http-20260825T171719Z-cae8f09e-r2-c1,2,1,496,18.198,4.386459,22.010416,44.596875,201,202,True,
http-20260825T171719Z-cae8f09e,http-20260825T171719Z-cae8f09e-r2-c1,2,1,497,19.598666,4.154166,21.411583,45.166416,201,202,True,
http-20260825T171719Z-cae8f09e,http-20260825T171719Z-cae8f09e-r2-c1,2,1,498,18.642125,4.242917,21.39825,44.285083,201,202,True,
http-20260825T171719Z-cae8f09e,http-20260825T171719Z-cae8f09e-r2-c1,2,1,499,19.683166,3.937208,21.563125,45.18525,201,202,True,
http-20260825T171719Z-cae8f09e,http-20260825T171719Z-cae8f09e-r2-c1,2,1,500,19.894375,4.461916,22.259292,46.6175,201,202,True,
http-20260825T171719Z-cae8f09e,http-20260825T171719Z-cae8f09e-r2-c1,2,1,501,18.257417,4.237,21.619875,44.116292,201,202,True,
http-20260825T171719Z-cae8f09e,http-20260825T171719Z-cae8f09e-r2-c1,2,1,502,19.618459,4.3895,23.879375,47.889583,201,202,True,
http-20260825T171719Z-cae8f09e,http-20260825T171719Z-cae8f09e-r2-c1,2,1,503,19.750292,4.023791,22.75875,46.534917,201,202,True,
http-20260825T171719Z-cae8f09e,http-20260825T171719Z-cae8f09e-r2-c1,2,1,504,19.306833,4.522,21.89325,45.724,201,202,True,
http-20260825T171719Z-cae8f09e,http-20260825T171719Z-cae8f09e-r2-c1,2,1,505,19.739125,4.468,21.445084,45.654042,201,202,True,
http-20260825T171719Z-cae8f09e,http-20260825T171719Z-cae8f09e-r2-c1,2,1,506,19.075833,4.291459,22.199334,45.568208,201,202,True,
http-20260825T171719Z-cae8f09e,http-20260825T171719Z-cae8f09e-r2-c1,2,1,507,17.5175,3.852458,21.997167,43.368875,201,202,True,
http-20260825T171719Z-cae8f09e,http-20260825T171719Z-cae8f09e-r2-c1,2,1,508,17.91,4.15825,21.704083,43.774208,201,202,True,
http-20260825T171719Z-cae8f09e,http-20260825T171719Z-cae8f09e-r2-c1,2,1,509,20.068375,4.64175,22.4125,47.12525,201,202,True,
http-20260825T171719Z-cae8f09e,http-20260825T171719Z-cae8f09e-r2-c1,2,1,510,19.669958,4.078833,23.898583,47.6495,201,202,True,
http-20260825T171719Z-cae8f09e,http-20260825T171719Z-cae8f09e-r2-c1,2,1,511,19.007208,4.131125,21.549125,44.689583,201,202,True,
http-20260825T171719Z-cae8f09e,http-20260825T171719Z-cae8f09e-r2-c1,2,1,512,18.440334,4.24475,22.311875,44.999125,201,202,True,
http-20260825T171719Z-cae8f09e,http-20260825T171719Z-cae8f09e-r2-c1,2,1,513,19.796416,4.142583,23.105916,47.048209,201,202,True,
http-20260825T171719Z-cae8f09e,http-20260825T171719Z-cae8f09e-r2-c1,2,1,514,21.446666,4.014541,22.672,48.13525,201,202,True,
http-20260825T171719Z-cae8f09e,http-20260825T171719Z-cae8f09e-r2-c1,2,1,515,19.190667,4.185083,23.153416,46.531416,201,202,True,
http-20260825T171719Z-cae8f09e,http-20260825T171719Z-cae8f09e-r2-c1,2,1,516,18.838041,4.310917,22.617542,45.768458,201,202,True,
http-20260825T171719Z-cae8f09e,http-20260825T171719Z-cae8f09e-r2-c1,2,1,517,18.146708,4.041417,24.228958,46.419125,201,202,True,
http-20260825T171719Z-cae8f09e,http-20260825T171719Z-cae8f09e-r2-c1,2,1,518,19.133208,3.929333,21.912792,44.977625,201,202,True,
http-20260825T171719Z-cae8f09e,http-20260825T171719Z-cae8f09e-r2-c1,2,1,519,19.330667,4.063375,22.6045,46.000791,201,202,True,
http-20260825T171719Z-cae8f09e,http-20260825T171719Z-cae8f09e-r2-c1,2,1,520,21.110667,3.847708,21.009542,45.969792,201,202,True,
http-20260825T171719Z-cae8f09e,http-20260825T171719Z-cae8f09e-r2-c1,2,1,521,17.987458,4.022125,22.388875,44.400458,201,202,True,
http-20260825T171719Z-cae8f09e,http-20260825T171719Z-cae8f09e-r2-c1,2,1,522,18.283625,4.099792,22.075792,44.461708,201,202,True,
http-20260825T171719Z-cae8f09e,http-20260825T171719Z-cae8f09e-r2-c1,2,1,523,18.338292,3.906958,20.548917,42.796041,201,202,True,
http-20260825T171719Z-cae8f09e,http-20260825T171719Z-cae8f09e-r2-c1,2,1,524,18.706625,4.368458,22.609542,45.686375,201,202,True,
http-20260825T171719Z-cae8f09e,http-20260825T171719Z-cae8f09e-r2-c1,2,1,525,23.500334,3.992458,21.483292,48.977625,201,202,True,
http-20260825T171719Z-cae8f09e,http-20260825T171719Z-cae8f09e-r2-c1,2,1,526,18.447708,3.896666,22.392792,44.738791,201,202,True,
http-20260825T171719Z-cae8f09e,http-20260825T171719Z-cae8f09e-r2-c1,2,1,527,20.553333,4.248167,22.169958,46.973583,201,202,True,
http-20260825T171719Z-cae8f09e,http-20260825T171719Z-cae8f09e-r2-c1,2,1,528,18.422083,4.195041,21.815917,44.434958,201,202,True,
http-20260825T171719Z-cae8f09e,http-20260825T171719Z-cae8f09e-r2-c1,2,1,529,19.42675,4.557958,24.047917,48.034417,201,202,True,
http-20260825T171719Z-cae8f09e,http-20260825T171719Z-cae8f09e-r2-c1,2,1,530,17.888,4.310958,23.712833,45.914041,201,202,True,
http-20260825T171719Z-cae8f09e,http-20260825T171719Z-cae8f09e-r2-c1,2,1,531,19.344208,4.093583,22.018542,45.457833,201,202,True,
http-20260825T171719Z-cae8f09e,http-20260825T171719Z-cae8f09e-r2-c1,2,1,532,19.274458,4.435417,22.607292,46.319584,201,202,True,
http-20260825T171719Z-cae8f09e,http-20260825T171719Z-cae8f09e-r2-c1,2,1,533,19.746958,4.225416,23.565042,47.53925,201,202,True,
http-20260825T171719Z-cae8f09e,http-20260825T171719Z-cae8f09e-r2-c1,2,1,534,19.566417,4.119458,22.179,45.866667,201,202,True,
http-20260825T171719Z-cae8f09e,http-20260825T171719Z-cae8f09e-r2-c1,2,1,535,19.448916,4.170875,22.406875,46.028583,201,202,True,
http-20260825T171719Z-cae8f09e,http-20260825T171719Z-cae8f09e-r2-c1,2,1,536,18.750584,3.9345,23.05225,45.739833,201,202,True,
http-20260825T171719Z-cae8f09e,http-20260825T171719Z-cae8f09e-r2-c1,2,1,537,20.766375,4.364125,22.0105,47.143125,201,202,True,
http-20260825T171719Z-cae8f09e,http-20260825T171719Z-cae8f09e-r2-c1,2,1,538,19.229333,4.536083,24.538042,48.30575,201,202,True,
http-20260825T171719Z-cae8f09e,http-20260825T171719Z-cae8f09e-r2-c1,2,1,539,20.366958,4.03375,21.55,45.953291,201,202,True,
http-20260825T171719Z-cae8f09e,http-20260825T171719Z-cae8f09e-r2-c1,2,1,540,18.6185,4.20875,22.384959,45.214292,201,202,True,
http-20260825T171719Z-cae8f09e,http-20260825T171719Z-cae8f09e-r2-c1,2,1,541,21.243333,4.19775,23.613,49.055834,201,202,True,
http-20260825T171719Z-cae8f09e,http-20260825T171719Z-cae8f09e-r2-c1,2,1,542,19.184042,4.511042,22.405375,46.102625,201,202,True,
http-20260825T171719Z-cae8f09e,http-20260825T171719Z-cae8f09e-r2-c1,2,1,543,18.863292,4.152625,23.018208,46.035875,201,202,True,
http-20260825T171719Z-cae8f09e,http-20260825T171719Z-cae8f09e-r2-c1,2,1,544,20.240125,4.759458,23.63325,48.63475,201,202,True,
http-20260825T171719Z-cae8f09e,http-20260825T171719Z-cae8f09e-r2-c1,2,1,545,17.947625,4.387417,22.290417,44.627708,201,202,True,
http-20260825T171719Z-cae8f09e,http-20260825T171719Z-cae8f09e-r2-c1,2,1,546,18.648375,4.4365,22.106458,45.193375,201,202,True,
http-20260825T171719Z-cae8f09e,http-20260825T171719Z-cae8f09e-r2-c1,2,1,547,18.065959,4.059167,22.696542,44.823709,201,202,True,
http-20260825T171719Z-cae8f09e,http-20260825T171719Z-cae8f09e-r2-c1,2,1,548,20.072208,4.497167,21.775709,46.347208,201,202,True,
http-20260825T171719Z-cae8f09e,http-20260825T171719Z-cae8f09e-r2-c1,2,1,549,18.839334,4.563708,22.976792,46.381958,201,202,True,
http-20260825T171719Z-cae8f09e,http-20260825T171719Z-cae8f09e-r2-c5,2,5,560,26.188667,3.943125,25.460667,55.594,201,202,True,
http-20260825T171719Z-cae8f09e,http-20260825T171719Z-cae8f09e-r2-c5,2,5,561,44.944167,3.879417,37.697875,86.52275,201,202,True,
http-20260825T171719Z-cae8f09e,http-20260825T171719Z-cae8f09e-r2-c5,2,5,562,36.432375,4.020083,42.038875,82.493958,201,202,True,
http-20260825T171719Z-cae8f09e,http-20260825T171719Z-cae8f09e-r2-c5,2,5,563,48.82125,4.0895,38.167666,91.079709,201,202,True,
http-20260825T171719Z-cae8f09e,http-20260825T171719Z-cae8f09e-r2-c5,2,5,564,40.580041,3.995667,44.113834,88.69125,201,202,True,
http-20260825T171719Z-cae8f09e,http-20260825T171719Z-cae8f09e-r2-c5,2,5,565,39.107,3.926125,29.430084,72.465125,201,202,True,
http-20260825T171719Z-cae8f09e,http-20260825T171719Z-cae8f09e-r2-c5,2,5,566,24.123709,4.01325,31.431458,59.57025,201,202,True,
http-20260825T171719Z-cae8f09e,http-20260825T171719Z-cae8f09e-r2-c5,2,5,567,29.398291,4.076916,36.647958,70.125291,201,202,True,
http-20260825T171719Z-cae8f09e,http-20260825T171719Z-cae8f09e-r2-c5,2,5,568,31.365417,3.811666,38.879416,74.057708,201,202,True,
http-20260825T171719Z-cae8f09e,http-20260825T171719Z-cae8f09e-r2-c5,2,5,569,32.984166,3.487416,38.14175,74.614416,201,202,True,
http-20260825T171719Z-cae8f09e,http-20260825T171719Z-cae8f09e-r2-c5,2,5,570,38.150959,3.918041,32.637625,74.70825,201,202,True,
http-20260825T171719Z-cae8f09e,http-20260825T171719Z-cae8f09e-r2-c5,2,5,571,34.584167,4.088333,31.562292,70.237292,201,202,True,
http-20260825T171719Z-cae8f09e,http-20260825T171719Z-cae8f09e-r2-c5,2,5,572,27.923708,3.692333,40.583167,72.20075,201,202,True,
http-20260825T171719Z-cae8f09e,http-20260825T171719Z-cae8f09e-r2-c5,2,5,573,28.44,3.805042,42.4905,74.736958,201,202,True,
http-20260825T171719Z-cae8f09e,http-20260825T171719Z-cae8f09e-r2-c5,2,5,574,29.549333,3.878541,38.596583,72.025791,201,202,True,
http-20260825T171719Z-cae8f09e,http-20260825T171719Z-cae8f09e-r2-c5,2,5,575,39.400417,4.091209,31.653834,75.147375,201,202,True,
http-20260825T171719Z-cae8f09e,http-20260825T171719Z-cae8f09e-r2-c5,2,5,576,33.908708,4.242875,27.330542,65.483541,201,202,True,
http-20260825T171719Z-cae8f09e,http-20260825T171719Z-cae8f09e-r2-c5,2,5,577,22.785667,4.057209,34.624375,61.469292,201,202,True,
http-20260825T171719Z-cae8f09e,http-20260825T171719Z-cae8f09e-r2-c5,2,5,578,31.902916,4.073292,37.894792,73.873,201,202,True,
http-20260825T171719Z-cae8f09e,http-20260825T171719Z-cae8f09e-r2-c5,2,5,579,36.000208,3.679959,36.758875,76.440375,201,202,True,
http-20260825T171719Z-cae8f09e,http-20260825T171719Z-cae8f09e-r2-c5,2,5,580,44.265083,3.945417,32.275541,80.487583,201,202,True,
http-20260825T171719Z-cae8f09e,http-20260825T171719Z-cae8f09e-r2-c5,2,5,581,39.851541,4.027292,32.275292,76.155667,201,202,True,
http-20260825T171719Z-cae8f09e,http-20260825T171719Z-cae8f09e-r2-c5,2,5,582,35.752208,3.653959,37.6335,77.041166,201,202,True,
http-20260825T171719Z-cae8f09e,http-20260825T171719Z-cae8f09e-r2-c5,2,5,583,26.347167,3.9815,35.992541,66.323083,201,202,True,
http-20260825T171719Z-cae8f09e,http-20260825T171719Z-cae8f09e-r2-c5,2,5,584,30.288166,4.003292,32.923375,67.216708,201,202,True,
http-20260825T171719Z-cae8f09e,http-20260825T171719Z-cae8f09e-r2-c5,2,5,585,30.490541,4.108208,29.190042,63.790583,201,202,True,
http-20260825T171719Z-cae8f09e,http-20260825T171719Z-cae8f09e-r2-c5,2,5,586,36.054625,4.209584,42.765167,83.031208,201,202,True,
http-20260825T171719Z-cae8f09e,http-20260825T171719Z-cae8f09e-r2-c5,2,5,587,31.407416,3.945083,38.758292,74.112917,201,202,True,
http-20260825T171719Z-cae8f09e,http-20260825T171719Z-cae8f09e-r2-c5,2,5,588,35.751417,3.91825,37.770417,77.441958,201,202,True,
http-20260825T171719Z-cae8f09e,http-20260825T171719Z-cae8f09e-r2-c5,2,5,589,27.895209,4.018083,37.6855,69.600542,201,202,True,
http-20260825T171719Z-cae8f09e,http-20260825T171719Z-cae8f09e-r2-c5,2,5,590,44.209875,4.082375,32.260667,80.554875,201,202,True,
http-20260825T171719Z-cae8f09e,http-20260825T171719Z-cae8f09e-r2-c5,2,5,591,31.509792,4.212125,38.971833,74.695416,201,202,True,
http-20260825T171719Z-cae8f09e,http-20260825T171719Z-cae8f09e-r2-c5,2,5,592,35.723291,3.867916,40.45675,80.049542,201,202,True,
http-20260825T171719Z-cae8f09e,http-20260825T171719Z-cae8f09e-r2-c5,2,5,593,30.158459,4.002708,39.039416,73.202334,201,202,True,
http-20260825T171719Z-cae8f09e,http-20260825T171719Z-cae8f09e-r2-c5,2,5,594,30.074667,3.640125,37.9455,71.661583,201,202,True,
http-20260825T171719Z-cae8f09e,http-20260825T171719Z-cae8f09e-r2-c5,2,5,595,33.780583,4.172,34.078167,72.032583,201,202,True,
http-20260825T171719Z-cae8f09e,http-20260825T171719Z-cae8f09e-r2-c5,2,5,596,24.35175,4.204417,42.567083,71.125291,201,202,True,
http-20260825T171719Z-cae8f09e,http-20260825T171719Z-cae8f09e-r2-c5,2,5,597,25.746125,4.085542,44.886625,74.720417,201,202,True,
http-20260825T171719Z-cae8f09e,http-20260825T171719Z-cae8f09e-r2-c5,2,5,598,27.282291,3.945458,43.749875,74.9795,201,202,True,
http-20260825T171719Z-cae8f09e,http-20260825T171719Z-cae8f09e-r2-c5,2,5,599,28.722,4.025125,43.35675,76.105542,201,202,True,
http-20260825T171719Z-cae8f09e,http-20260825T171719Z-cae8f09e-r2-c5,2,5,600,38.4145,4.074584,38.885875,81.37875,201,202,True,
http-20260825T171719Z-cae8f09e,http-20260825T171719Z-cae8f09e-r2-c5,2,5,601,28.979625,4.020042,44.643417,77.645,201,202,True,
http-20260825T171719Z-cae8f09e,http-20260825T171719Z-cae8f09e-r2-c5,2,5,602,30.985833,3.913291,44.871958,79.772375,201,202,True,
http-20260825T171719Z-cae8f09e,http-20260825T171719Z-cae8f09e-r2-c5,2,5,603,23.547875,4.129125,40.8995,68.578416,201,202,True,
http-20260825T171719Z-cae8f09e,http-20260825T171719Z-cae8f09e-r2-c5,2,5,604,28.161042,3.618958,40.888708,72.671625,201,202,True,
http-20260825T171719Z-cae8f09e,http-20260825T171719Z-cae8f09e-r2-c5,2,5,605,35.078792,4.084916,30.353625,69.519333,201,202,True,
http-20260825T171719Z-cae8f09e,http-20260825T171719Z-cae8f09e-r2-c5,2,5,606,29.42875,4.2375,32.422125,66.09075,201,202,True,
http-20260825T171719Z-cae8f09e,http-20260825T171719Z-cae8f09e-r2-c5,2,5,607,30.891375,3.873666,42.81,77.577083,201,202,True,
http-20260825T171719Z-cae8f09e,http-20260825T171719Z-cae8f09e-r2-c5,2,5,608,34.818292,4.055334,35.188042,74.063458,201,202,True,
http-20260825T171719Z-cae8f09e,http-20260825T171719Z-cae8f09e-r2-c5,2,5,609,38.926708,3.83475,36.593084,79.356167,201,202,True,
http-20260825T171719Z-cae8f09e,http-20260825T171719Z-cae8f09e-r2-c5,2,5,610,39.689625,4.221416,26.907709,70.820625,201,202,True,
http-20260825T171719Z-cae8f09e,http-20260825T171719Z-cae8f09e-r2-c5,2,5,611,34.645667,3.975292,31.8265,70.448833,201,202,True,
http-20260825T171719Z-cae8f09e,http-20260825T171719Z-cae8f09e-r2-c5,2,5,612,29.441875,4.02175,37.956791,71.422125,201,202,True,
http-20260825T171719Z-cae8f09e,http-20260825T171719Z-cae8f09e-r2-c5,2,5,613,29.290458,4.12525,40.982625,74.400625,201,202,True,
http-20260825T171719Z-cae8f09e,http-20260825T171719Z-cae8f09e-r2-c5,2,5,614,28.115041,3.844708,37.153416,69.114625,201,202,True,
http-20260825T171719Z-cae8f09e,http-20260825T171719Z-cae8f09e-r2-c5,2,5,615,35.788041,4.164958,38.0965,78.051541,201,202,True,
http-20260825T171719Z-cae8f09e,http-20260825T171719Z-cae8f09e-r2-c5,2,5,616,33.889625,4.1655,34.849042,72.905917,201,202,True,
http-20260825T171719Z-cae8f09e,http-20260825T171719Z-cae8f09e-r2-c5,2,5,617,26.258792,3.962917,43.306708,73.53,201,202,True,
http-20260825T171719Z-cae8f09e,http-20260825T171719Z-cae8f09e-r2-c5,2,5,618,34.027792,4.010167,35.290334,73.329667,201,202,True,
http-20260825T171719Z-cae8f09e,http-20260825T171719Z-cae8f09e-r2-c5,2,5,619,29.451,4.086,36.598333,70.137708,201,202,True,
http-20260825T171719Z-cae8f09e,http-20260825T171719Z-cae8f09e-r2-c5,2,5,620,32.719542,4.128042,28.836875,65.686291,201,202,True,
http-20260825T171719Z-cae8f09e,http-20260825T171719Z-cae8f09e-r2-c5,2,5,621,35.678459,3.939666,32.159709,71.779292,201,202,True,
http-20260825T171719Z-cae8f09e,http-20260825T171719Z-cae8f09e-r2-c5,2,5,622,23.631041,4.038333,40.617875,68.288916,201,202,True,
http-20260825T171719Z-cae8f09e,http-20260825T171719Z-cae8f09e-r2-c5,2,5,623,33.614709,3.869667,36.261334,73.747084,201,202,True,
http-20260825T171719Z-cae8f09e,http-20260825T171719Z-cae8f09e-r2-c5,2,5,624,26.4205,4.02025,34.976875,65.419625,201,202,True,
http-20260825T171719Z-cae8f09e,http-20260825T171719Z-cae8f09e-r2-c5,2,5,625,38.642542,4.199875,31.747667,74.59275,201,202,True,
http-20260825T171719Z-cae8f09e,http-20260825T171719Z-cae8f09e-r2-c5,2,5,626,33.011125,4.111125,34.787208,71.911167,201,202,True,
http-20260825T171719Z-cae8f09e,http-20260825T171719Z-cae8f09e-r2-c5,2,5,627,24.5805,3.81825,34.92,63.32,201,202,True,
http-20260825T171719Z-cae8f09e,http-20260825T171719Z-cae8f09e-r2-c5,2,5,628,24.26775,3.978833,40.947875,69.196042,201,202,True,
http-20260825T171719Z-cae8f09e,http-20260825T171719Z-cae8f09e-r2-c5,2,5,629,26.428375,3.975333,37.282042,67.68775,201,202,True,
http-20260825T171719Z-cae8f09e,http-20260825T171719Z-cae8f09e-r2-c5,2,5,630,41.458875,4.0575,39.367417,84.885375,201,202,True,
http-20260825T171719Z-cae8f09e,http-20260825T171719Z-cae8f09e-r2-c5,2,5,631,29.767583,4.043417,31.63975,65.45225,201,202,True,
http-20260825T171719Z-cae8f09e,http-20260825T171719Z-cae8f09e-r2-c5,2,5,632,34.1215,3.834458,35.22525,73.182791,201,202,True,
http-20260825T171719Z-cae8f09e,http-20260825T171719Z-cae8f09e-r2-c5,2,5,633,27.973167,3.767458,42.487,74.228917,201,202,True,
http-20260825T171719Z-cae8f09e,http-20260825T171719Z-cae8f09e-r2-c5,2,5,634,28.059209,3.913541,42.401,74.375709,201,202,True,
http-20260825T171719Z-cae8f09e,http-20260825T171719Z-cae8f09e-r2-c5,2,5,635,32.68425,4.217375,33.906125,70.809375,201,202,True,
http-20260825T171719Z-cae8f09e,http-20260825T171719Z-cae8f09e-r2-c5,2,5,636,35.527917,4.897417,40.18375,80.6105,201,202,True,
http-20260825T171719Z-cae8f09e,http-20260825T171719Z-cae8f09e-r2-c5,2,5,637,31.198,4.021542,40.644625,75.866166,201,202,True,
http-20260825T171719Z-cae8f09e,http-20260825T171719Z-cae8f09e-r2-c5,2,5,638,29.451708,3.9935,40.433375,73.880125,201,202,True,
http-20260825T171719Z-cae8f09e,http-20260825T171719Z-cae8f09e-r2-c5,2,5,639,29.627708,3.869916,39.855791,73.355334,201,202,True,
http-20260825T171719Z-cae8f09e,http-20260825T171719Z-cae8f09e-r2-c5,2,5,640,51.071416,3.839584,38.115834,93.028334,201,202,True,
http-20260825T171719Z-cae8f09e,http-20260825T171719Z-cae8f09e-r2-c5,2,5,641,37.975792,4.061417,46.874167,88.913417,201,202,True,
http-20260825T171719Z-cae8f09e,http-20260825T171719Z-cae8f09e-r2-c5,2,5,642,24.910584,4.283208,34.330667,63.526875,201,202,True,
http-20260825T171719Z-cae8f09e,http-20260825T171719Z-cae8f09e-r2-c5,2,5,643,33.140041,3.909958,50.4955,87.546792,201,202,True,
http-20260825T171719Z-cae8f09e,http-20260825T171719Z-cae8f09e-r2-c5,2,5,644,33.718583,3.787291,50.894083,88.401417,201,202,True,
http-20260825T171719Z-cae8f09e,http-20260825T171719Z-cae8f09e-r2-c5,2,5,645,36.292,4.334209,34.022041,74.650541,201,202,True,
http-20260825T171719Z-cae8f09e,http-20260825T171719Z-cae8f09e-r2-c5,2,5,646,39.779709,4.262709,49.663458,93.708292,201,202,True,
http-20260825T171719Z-cae8f09e,http-20260825T171719Z-cae8f09e-r2-c5,2,5,647,31.359083,4.196125,51.584541,87.14225,201,202,True,
http-20260825T171719Z-cae8f09e,http-20260825T171719Z-cae8f09e-r2-c5,2,5,648,28.074333,3.958041,48.412292,80.446458,201,202,True,
http-20260825T171719Z-cae8f09e,http-20260825T171719Z-cae8f09e-r2-c5,2,5,649,31.917167,4.145292,39.292833,75.356917,201,202,True,
http-20260825T171719Z-cae8f09e,http-20260825T171719Z-cae8f09e-r2-c5,2,5,650,45.373833,4.209625,33.638375,83.224167,201,202,True,
http-20260825T171719Z-cae8f09e,http-20260825T171719Z-cae8f09e-r2-c5,2,5,651,27.107375,4.135083,40.219834,71.465292,201,202,True,
http-20260825T171719Z-cae8f09e,http-20260825T171719Z-cae8f09e-r2-c5,2,5,652,41.640917,4.058542,43.767042,89.468667,201,202,True,
http-20260825T171719Z-cae8f09e,http-20260825T171719Z-cae8f09e-r2-c5,2,5,653,28.6535,4.089334,49.390458,82.13575,201,202,True,
http-20260825T171719Z-cae8f09e,http-20260825T171719Z-cae8f09e-r2-c5,2,5,654,36.300458,4.086583,49.110458,89.499625,201,202,True,
http-20260825T171719Z-cae8f09e,http-20260825T171719Z-cae8f09e-r2-c5,2,5,655,48.540291,4.110166,41.24225,93.894958,201,202,True,
http-20260825T171719Z-cae8f09e,http-20260825T171719Z-cae8f09e-r2-c5,2,5,656,42.278583,4.202292,39.91425,86.397709,201,202,True,
http-20260825T171719Z-cae8f09e,http-20260825T171719Z-cae8f09e-r2-c5,2,5,657,29.363959,4.079875,45.824417,79.27,201,202,True,
http-20260825T171719Z-cae8f09e,http-20260825T171719Z-cae8f09e-r2-c5,2,5,658,33.336584,3.999167,40.597125,77.935042,201,202,True,
http-20260825T171719Z-cae8f09e,http-20260825T171719Z-cae8f09e-r2-c5,2,5,659,36.831583,3.999333,37.527542,78.360292,201,202,True,
http-20260825T171719Z-cae8f09e,http-20260825T171719Z-cae8f09e-r2-c10,2,10,670,43.356,4.06575,38.770917,86.194875,201,202,True,
http-20260825T171719Z-cae8f09e,http-20260825T171719Z-cae8f09e-r2-c10,2,10,671,55.153625,3.751459,54.212375,113.119,201,202,True,
http-20260825T171719Z-cae8f09e,http-20260825T171719Z-cae8f09e-r2-c10,2,10,672,51.301417,3.667375,70.354083,125.324208,201,202,True,
http-20260825T171719Z-cae8f09e,http-20260825T171719Z-cae8f09e-r2-c10,2,10,673,47.3435,3.775292,43.331417,94.451708,201,202,True,
http-20260825T171719Z-cae8f09e,http-20260825T171719Z-cae8f09e-r2-c10,2,10,674,62.981667,3.652584,74.527833,141.162875,201,202,True,
http-20260825T171719Z-cae8f09e,http-20260825T171719Z-cae8f09e-r2-c10,2,10,675,74.750625,4.07375,70.722625,149.548709,201,202,True,
http-20260825T171719Z-cae8f09e,http-20260825T171719Z-cae8f09e-r2-c10,2,10,676,78.986,4.134459,68.182542,151.305,201,202,True,
http-20260825T171719Z-cae8f09e,http-20260825T171719Z-cae8f09e-r2-c10,2,10,677,58.816875,3.923375,78.466167,141.2085,201,202,True,
http-20260825T171719Z-cae8f09e,http-20260825T171719Z-cae8f09e-r2-c10,2,10,678,66.503417,3.858083,78.790666,149.154083,201,202,True,
http-20260825T171719Z-cae8f09e,http-20260825T171719Z-cae8f09e-r2-c10,2,10,679,70.503,3.857,66.390959,140.752709,201,202,True,
http-20260825T171719Z-cae8f09e,http-20260825T171719Z-cae8f09e-r2-c10,2,10,680,81.644291,3.962375,64.990042,150.598875,201,202,True,
http-20260825T171719Z-cae8f09e,http-20260825T171719Z-cae8f09e-r2-c10,2,10,681,68.3735,4.375209,60.004709,132.755459,201,202,True,
http-20260825T171719Z-cae8f09e,http-20260825T171719Z-cae8f09e-r2-c10,2,10,682,65.937708,3.702792,72.499125,142.141042,201,202,True,
http-20260825T171719Z-cae8f09e,http-20260825T171719Z-cae8f09e-r2-c10,2,10,683,49.556791,3.880208,70.671208,124.109792,201,202,True,
http-20260825T171719Z-cae8f09e,http-20260825T171719Z-cae8f09e-r2-c10,2,10,684,45.916292,4.010292,68.1295,118.057708,201,202,True,
http-20260825T171719Z-cae8f09e,http-20260825T171719Z-cae8f09e-r2-c10,2,10,685,49.94675,3.895167,75.7795,129.623208,201,202,True,
http-20260825T171719Z-cae8f09e,http-20260825T171719Z-cae8f09e-r2-c10,2,10,686,41.392833,3.940625,68.544625,113.879542,201,202,True,
http-20260825T171719Z-cae8f09e,http-20260825T171719Z-cae8f09e-r2-c10,2,10,687,48.383417,3.9435,76.5185,128.847333,201,202,True,
http-20260825T171719Z-cae8f09e,http-20260825T171719Z-cae8f09e-r2-c10,2,10,688,52.341167,3.882542,66.342167,122.56875,201,202,True,
http-20260825T171719Z-cae8f09e,http-20260825T171719Z-cae8f09e-r2-c10,2,10,689,56.661166,3.974125,73.532292,134.169125,201,202,True,
http-20260825T171719Z-cae8f09e,http-20260825T171719Z-cae8f09e-r2-c10,2,10,690,66.747792,4.052,44.654292,115.45625,201,202,True,
http-20260825T171719Z-cae8f09e,http-20260825T171719Z-cae8f09e-r2-c10,2,10,691,61.962125,4.228208,50.228833,116.421042,201,202,True,
http-20260825T171719Z-cae8f09e,http-20260825T171719Z-cae8f09e-r2-c10,2,10,692,53.580792,4.059958,52.804875,110.447583,201,202,True,
http-20260825T171719Z-cae8f09e,http-20260825T171719Z-cae8f09e-r2-c10,2,10,693,55.90175,4.049541,62.335792,122.289125,201,202,True,
http-20260825T171719Z-cae8f09e,http-20260825T171719Z-cae8f09e-r2-c10,2,10,694,68.083125,3.804708,68.203958,140.093708,201,202,True,
http-20260825T171719Z-cae8f09e,http-20260825T171719Z-cae8f09e-r2-c10,2,10,695,68.262709,3.797833,75.727959,147.789917,201,202,True,
http-20260825T171719Z-cae8f09e,http-20260825T171719Z-cae8f09e-r2-c10,2,10,696,44.52425,3.952708,64.70075,113.179333,201,202,True,
http-20260825T171719Z-cae8f09e,http-20260825T171719Z-cae8f09e-r2-c10,2,10,697,47.190667,3.836625,77.722625,128.751625,201,202,True,
http-20260825T171719Z-cae8f09e,http-20260825T171719Z-cae8f09e-r2-c10,2,10,698,53.174,3.84875,71.366208,128.390417,201,202,True,
http-20260825T171719Z-cae8f09e,http-20260825T171719Z-cae8f09e-r2-c10,2,10,699,49.776916,3.688625,67.9785,121.445083,201,202,True,
http-20260825T171719Z-cae8f09e,http-20260825T171719Z-cae8f09e-r2-c10,2,10,700,71.851875,4.017833,45.90725,121.778458,201,202,True,
http-20260825T171719Z-cae8f09e,http-20260825T171719Z-cae8f09e-r2-c10,2,10,701,70.03575,4.025542,57.55325,131.620292,201,202,True,
http-20260825T171719Z-cae8f09e,http-20260825T171719Z-cae8f09e-r2-c10,2,10,702,58.952791,3.949833,48.2125,111.116583,201,202,True,
http-20260825T171719Z-cae8f09e,http-20260825T171719Z-cae8f09e-r2-c10,2,10,703,59.925625,3.922833,71.9075,135.757542,201,202,True,
http-20260825T171719Z-cae8f09e,http-20260825T171719Z-cae8f09e-r2-c10,2,10,704,48.712333,4.312334,77.015917,130.042583,201,202,True,
http-20260825T171719Z-cae8f09e,http-20260825T171719Z-cae8f09e-r2-c10,2,10,705,46.019542,3.938917,73.971417,123.931208,201,202,True,
http-20260825T171719Z-cae8f09e,http-20260825T171719Z-cae8f09e-r2-c10,2,10,706,44.549583,3.9075,69.668416,118.126875,201,202,True,
http-20260825T171719Z-cae8f09e,http-20260825T171719Z-cae8f09e-r2-c10,2,10,707,45.715125,3.845958,70.854541,120.417458,201,202,True,
http-20260825T171719Z-cae8f09e,http-20260825T171719Z-cae8f09e-r2-c10,2,10,708,49.465,3.713875,67.886625,121.066625,201,202,True,
http-20260825T171719Z-cae8f09e,http-20260825T171719Z-cae8f09e-r2-c10,2,10,709,53.222916,3.908708,63.662542,120.795584,201,202,True,
http-20260825T171719Z-cae8f09e,http-20260825T171719Z-cae8f09e-r2-c10,2,10,710,77.239125,4.050959,51.470583,132.762834,201,202,True,
http-20260825T171719Z-cae8f09e,http-20260825T171719Z-cae8f09e-r2-c10,2,10,711,74.979875,4.231667,61.587541,140.800667,201,202,True,
http-20260825T171719Z-cae8f09e,http-20260825T171719Z-cae8f09e-r2-c10,2,10,712,71.342667,3.935709,69.275125,144.555333,201,202,True,
http-20260825T171719Z-cae8f09e,http-20260825T171719Z-cae8f09e-r2-c10,2,10,713,50.622542,4.105625,67.377333,122.107208,201,202,True,
http-20260825T171719Z-cae8f09e,http-20260825T171719Z-cae8f09e-r2-c10,2,10,714,37.678417,3.908291,62.402667,103.990666,201,202,True,
http-20260825T171719Z-cae8f09e,http-20260825T171719Z-cae8f09e-r2-c10,2,10,715,40.781041,3.729959,70.786958,115.299334,201,202,True,
http-20260825T171719Z-cae8f09e,http-20260825T171719Z-cae8f09e-r2-c10,2,10,716,48.805333,3.712167,74.734959,127.254292,201,202,True,
http-20260825T171719Z-cae8f09e,http-20260825T171719Z-cae8f09e-r2-c10,2,10,717,44.945958,3.801833,72.351,121.10025,201,202,True,
http-20260825T171719Z-cae8f09e,http-20260825T171719Z-cae8f09e-r2-c10,2,10,718,52.323791,3.910584,75.535375,131.771084,201,202,True,
http-20260825T171719Z-cae8f09e,http-20260825T171719Z-cae8f09e-r2-c10,2,10,719,48.090333,3.9755,75.053875,127.121166,201,202,True,
http-20260825T171719Z-cae8f09e,http-20260825T171719Z-cae8f09e-r2-c10,2,10,720,69.769709,3.998541,50.540625,124.310875,201,202,True,
http-20260825T171719Z-cae8f09e,http-20260825T171719Z-cae8f09e-r2-c10,2,10,721,59.50225,3.927667,53.333583,116.764917,201,202,True,
http-20260825T171719Z-cae8f09e,http-20260825T171719Z-cae8f09e-r2-c10,2,10,722,57.254791,3.874792,57.235583,118.366708,201,202,True,
http-20260825T171719Z-cae8f09e,http-20260825T171719Z-cae8f09e-r2-c10,2,10,723,50.358291,4.154542,58.356042,112.870875,201,202,True,
http-20260825T171719Z-cae8f09e,http-20260825T171719Z-cae8f09e-r2-c10,2,10,724,49.341,3.649625,61.03425,114.026209,201,202,True,
http-20260825T171719Z-cae8f09e,http-20260825T171719Z-cae8f09e-r2-c10,2,10,725,52.268459,3.855667,74.22825,130.353833,201,202,True,
http-20260825T171719Z-cae8f09e,http-20260825T171719Z-cae8f09e-r2-c10,2,10,726,45.036958,3.916708,73.30425,122.259208,201,202,True,
http-20260825T171719Z-cae8f09e,http-20260825T171719Z-cae8f09e-r2-c10,2,10,727,47.491959,3.747083,83.4075,134.648,201,202,True,
http-20260825T171719Z-cae8f09e,http-20260825T171719Z-cae8f09e-r2-c10,2,10,728,44.436166,3.672417,74.627417,122.73725,201,202,True,
http-20260825T171719Z-cae8f09e,http-20260825T171719Z-cae8f09e-r2-c10,2,10,729,43.735292,4.126416,69.2775,117.140834,201,202,True,
http-20260825T171719Z-cae8f09e,http-20260825T171719Z-cae8f09e-r2-c10,2,10,730,61.637625,3.8725,49.361209,114.872875,201,202,True,
http-20260825T171719Z-cae8f09e,http-20260825T171719Z-cae8f09e-r2-c10,2,10,731,64.959084,5.685208,55.357292,126.003792,201,202,True,
http-20260825T171719Z-cae8f09e,http-20260825T171719Z-cae8f09e-r2-c10,2,10,732,52.622709,4.155542,49.634167,106.414166,201,202,True,
http-20260825T171719Z-cae8f09e,http-20260825T171719Z-cae8f09e-r2-c10,2,10,733,57.442209,4.023875,63.581709,125.049208,201,202,True,
http-20260825T171719Z-cae8f09e,http-20260825T171719Z-cae8f09e-r2-c10,2,10,734,55.15,3.742917,71.434,130.328208,201,202,True,
http-20260825T171719Z-cae8f09e,http-20260825T171719Z-cae8f09e-r2-c10,2,10,735,41.872791,3.649875,78.775083,124.298916,201,202,True,
http-20260825T171719Z-cae8f09e,http-20260825T171719Z-cae8f09e-r2-c10,2,10,736,45.72975,4.1475,60.300708,110.179792,201,202,True,
http-20260825T171719Z-cae8f09e,http-20260825T171719Z-cae8f09e-r2-c10,2,10,737,55.533792,3.842166,67.510875,126.889166,201,202,True,
http-20260825T171719Z-cae8f09e,http-20260825T171719Z-cae8f09e-r2-c10,2,10,738,48.648542,4.0105,59.922167,112.583,201,202,True,
http-20260825T171719Z-cae8f09e,http-20260825T171719Z-cae8f09e-r2-c10,2,10,739,53.677958,3.720584,77.854375,135.254083,201,202,True,
http-20260825T171719Z-cae8f09e,http-20260825T171719Z-cae8f09e-r2-c10,2,10,740,71.122167,4.042333,51.276166,126.442375,201,202,True,
http-20260825T171719Z-cae8f09e,http-20260825T171719Z-cae8f09e-r2-c10,2,10,741,70.795708,4.13525,72.177625,147.110334,201,202,True,
http-20260825T171719Z-cae8f09e,http-20260825T171719Z-cae8f09e-r2-c10,2,10,742,63.721625,4.057,52.827,120.609167,201,202,True,
http-20260825T171719Z-cae8f09e,http-20260825T171719Z-cae8f09e-r2-c10,2,10,743,55.437083,3.780917,59.313917,118.533792,201,202,True,
http-20260825T171719Z-cae8f09e,http-20260825T171719Z-cae8f09e-r2-c10,2,10,744,51.727041,3.673959,72.698583,128.101125,201,202,True,
http-20260825T171719Z-cae8f09e,http-20260825T171719Z-cae8f09e-r2-c10,2,10,745,47.385708,3.964583,64.157417,115.509,201,202,True,
http-20260825T171719Z-cae8f09e,http-20260825T171719Z-cae8f09e-r2-c10,2,10,746,48.540208,4.020042,72.030125,124.591958,201,202,True,
http-20260825T171719Z-cae8f09e,http-20260825T171719Z-cae8f09e-r2-c10,2,10,747,43.986833,3.906083,71.973,119.8675,201,202,True,
http-20260825T171719Z-cae8f09e,http-20260825T171719Z-cae8f09e-r2-c10,2,10,748,51.230625,3.95975,61.957292,117.149709,201,202,True,
http-20260825T171719Z-cae8f09e,http-20260825T171719Z-cae8f09e-r2-c10,2,10,749,67.622583,4.106208,51.634166,123.364583,201,202,True,
http-20260825T171719Z-cae8f09e,http-20260825T171719Z-cae8f09e-r2-c10,2,10,750,65.888125,4.049542,59.173083,129.113584,201,202,True,
http-20260825T171719Z-cae8f09e,http-20260825T171719Z-cae8f09e-r2-c10,2,10,751,57.908333,3.898917,56.410958,118.220125,201,202,True,
http-20260825T171719Z-cae8f09e,http-20260825T171719Z-cae8f09e-r2-c10,2,10,752,56.031042,3.946209,60.861375,120.83975,201,202,True,
http-20260825T171719Z-cae8f09e,http-20260825T171719Z-cae8f09e-r2-c10,2,10,753,47.256625,3.947542,64.980291,116.186625,201,202,True,
http-20260825T171719Z-cae8f09e,http-20260825T171719Z-cae8f09e-r2-c10,2,10,754,56.860041,3.955541,82.442042,143.259625,201,202,True,
http-20260825T171719Z-cae8f09e,http-20260825T171719Z-cae8f09e-r2-c10,2,10,755,40.426958,3.802917,69.961458,114.193333,201,202,True,
http-20260825T171719Z-cae8f09e,http-20260825T171719Z-cae8f09e-r2-c10,2,10,756,45.227416,3.807167,71.996166,121.032125,201,202,True,
http-20260825T171719Z-cae8f09e,http-20260825T171719Z-cae8f09e-r2-c10,2,10,757,45.031792,4.082208,68.812542,117.928375,201,202,True,
http-20260825T171719Z-cae8f09e,http-20260825T171719Z-cae8f09e-r2-c10,2,10,758,49.332416,4.032875,70.083458,123.450042,201,202,True,
http-20260825T171719Z-cae8f09e,http-20260825T171719Z-cae8f09e-r2-c10,2,10,759,65.584292,3.964833,59.01,128.560666,201,202,True,
http-20260825T171719Z-cae8f09e,http-20260825T171719Z-cae8f09e-r2-c10,2,10,760,60.867208,4.27275,40.983208,106.124916,201,202,True,
http-20260825T171719Z-cae8f09e,http-20260825T171719Z-cae8f09e-r2-c10,2,10,761,64.122042,3.860583,63.995916,131.980583,201,202,True,
http-20260825T171719Z-cae8f09e,http-20260825T171719Z-cae8f09e-r2-c10,2,10,762,59.469667,4.0985,71.826333,135.39625,201,202,True,
http-20260825T171719Z-cae8f09e,http-20260825T171719Z-cae8f09e-r2-c10,2,10,763,67.715291,3.712291,62.439958,133.869083,201,202,True,
http-20260825T171719Z-cae8f09e,http-20260825T171719Z-cae8f09e-r2-c10,2,10,764,49.045791,3.853417,66.582708,119.483292,201,202,True,
http-20260825T171719Z-cae8f09e,http-20260825T171719Z-cae8f09e-r2-c10,2,10,765,54.411542,3.915083,61.1,119.4285,201,202,True,
http-20260825T171719Z-cae8f09e,http-20260825T171719Z-cae8f09e-r2-c10,2,10,766,46.03275,3.970917,64.562375,114.567875,201,202,True,
http-20260825T171719Z-cae8f09e,http-20260825T171719Z-cae8f09e-r2-c10,2,10,767,56.152958,3.94725,52.730417,112.831792,201,202,True,
http-20260825T171719Z-cae8f09e,http-20260825T171719Z-cae8f09e-r2-c10,2,10,768,45.589416,3.924875,53.25575,102.771083,201,202,True,
http-20260825T171719Z-cae8f09e,http-20260825T171719Z-cae8f09e-r2-c10,2,10,769,72.704417,4.056459,20.200709,96.963417,201,202,True,
http-20260825T171719Z-cae8f09e,http-20260825T171719Z-cae8f09e-r2-c20,2,20,780,59.55425,4.695083,85.650625,149.902583,201,202,True,
http-20260825T171719Z-cae8f09e,http-20260825T171719Z-cae8f09e-r2-c20,2,20,781,117.115541,3.675458,102.333875,223.126375,201,202,True,
http-20260825T171719Z-cae8f09e,http-20260825T171719Z-cae8f09e-r2-c20,2,20,782,64.777792,5.88175,111.646042,182.30825,201,202,True,
http-20260825T171719Z-cae8f09e,http-20260825T171719Z-cae8f09e-r2-c20,2,20,783,137.535125,3.894875,111.583334,253.014542,201,202,True,
http-20260825T171719Z-cae8f09e,http-20260825T171719Z-cae8f09e-r2-c20,2,20,784,75.052542,3.953084,165.924875,244.932791,201,202,True,
http-20260825T171719Z-cae8f09e,http-20260825T171719Z-cae8f09e-r2-c20,2,20,785,90.151875,5.126625,106.427625,201.709125,201,202,True,
http-20260825T171719Z-cae8f09e,http-20260825T171719Z-cae8f09e-r2-c20,2,20,786,104.602834,3.744292,220.44925,328.797625,201,202,True,
http-20260825T171719Z-cae8f09e,http-20260825T171719Z-cae8f09e-r2-c20,2,20,787,108.413,3.746292,189.133042,301.2935,201,202,True,
http-20260825T171719Z-cae8f09e,http-20260825T171719Z-cae8f09e-r2-c20,2,20,788,141.312959,3.813875,143.623959,288.751667,201,202,True,
http-20260825T171719Z-cae8f09e,http-20260825T171719Z-cae8f09e-r2-c20,2,20,789,80.308583,4.490666,110.326792,195.128084,201,202,True,
http-20260825T171719Z-cae8f09e,http-20260825T171719Z-cae8f09e-r2-c20,2,20,790,112.263417,4.25825,143.269834,259.793542,201,202,True,
http-20260825T171719Z-cae8f09e,http-20260825T171719Z-cae8f09e-r2-c20,2,20,791,120.356542,3.877833,164.529416,288.764875,201,202,True,
http-20260825T171719Z-cae8f09e,http-20260825T171719Z-cae8f09e-r2-c20,2,20,792,100.263125,3.928375,96.010167,200.20325,201,202,True,
http-20260825T171719Z-cae8f09e,http-20260825T171719Z-cae8f09e-r2-c20,2,20,793,95.124083,4.81575,202.140167,302.081542,201,202,True,
http-20260825T171719Z-cae8f09e,http-20260825T171719Z-cae8f09e-r2-c20,2,20,794,132.941,3.946917,204.327583,341.216875,201,202,True,
http-20260825T171719Z-cae8f09e,http-20260825T171719Z-cae8f09e-r2-c20,2,20,795,124.311625,3.963792,110.676542,238.954083,201,202,True,
http-20260825T171719Z-cae8f09e,http-20260825T171719Z-cae8f09e-r2-c20,2,20,796,70.198667,4.084709,77.733542,152.018417,201,202,True,
http-20260825T171719Z-cae8f09e,http-20260825T171719Z-cae8f09e-r2-c20,2,20,797,128.373875,4.175916,93.305417,225.857042,201,202,True,
http-20260825T171719Z-cae8f09e,http-20260825T171719Z-cae8f09e-r2-c20,2,20,798,84.666458,4.572375,97.657042,186.897792,201,202,True,
http-20260825T171719Z-cae8f09e,http-20260825T171719Z-cae8f09e-r2-c20,2,20,799,144.759417,3.863833,164.501708,313.1265,201,202,True,
http-20260825T171719Z-cae8f09e,http-20260825T171719Z-cae8f09e-r2-c20,2,20,800,127.164833,3.770708,128.3585,259.29525,201,202,True,
http-20260825T171719Z-cae8f09e,http-20260825T171719Z-cae8f09e-r2-c20,2,20,801,132.038958,3.998375,110.061458,246.100666,201,202,True,
http-20260825T171719Z-cae8f09e,http-20260825T171719Z-cae8f09e-r2-c20,2,20,802,90.334333,3.943958,107.250667,201.530458,201,202,True,
http-20260825T171719Z-cae8f09e,http-20260825T171719Z-cae8f09e-r2-c20,2,20,803,93.064208,3.817834,91.210666,188.094459,201,202,True,
http-20260825T171719Z-cae8f09e,http-20260825T171719Z-cae8f09e-r2-c20,2,20,804,119.42775,3.9395,94.5435,217.9125,201,202,True,
http-20260825T171719Z-cae8f09e,http-20260825T171719Z-cae8f09e-r2-c20,2,20,805,128.482375,4.112542,160.6725,293.269042,201,202,True,
http-20260825T171719Z-cae8f09e,http-20260825T171719Z-cae8f09e-r2-c20,2,20,806,104.46225,3.848208,103.4355,211.747542,201,202,True,
http-20260825T171719Z-cae8f09e,http-20260825T171719Z-cae8f09e-r2-c20,2,20,807,101.90575,3.895041,197.79575,303.598375,201,202,True,
http-20260825T171719Z-cae8f09e,http-20260825T171719Z-cae8f09e-r2-c20,2,20,808,106.970834,3.951792,165.577209,276.501792,201,202,True,
http-20260825T171719Z-cae8f09e,http-20260825T171719Z-cae8f09e-r2-c20,2,20,809,98.124708,3.933,173.120292,275.179083,201,202,True,
http-20260825T171719Z-cae8f09e,http-20260825T171719Z-cae8f09e-r2-c20,2,20,810,96.890958,3.933875,92.719458,193.546,201,202,True,
http-20260825T171719Z-cae8f09e,http-20260825T171719Z-cae8f09e-r2-c20,2,20,811,110.538959,4.119875,82.870792,197.531333,201,202,True,
http-20260825T171719Z-cae8f09e,http-20260825T171719Z-cae8f09e-r2-c20,2,20,812,98.867417,4.306709,171.612125,274.788334,201,202,True,
http-20260825T171719Z-cae8f09e,http-20260825T171719Z-cae8f09e-r2-c20,2,20,813,99.266625,3.907167,124.332208,227.507375,201,202,True,
http-20260825T171719Z-cae8f09e,http-20260825T171719Z-cae8f09e-r2-c20,2,20,814,103.172542,3.905291,156.358417,263.437708,201,202,True,
http-20260825T171719Z-cae8f09e,http-20260825T171719Z-cae8f09e-r2-c20,2,20,815,82.446833,4.085542,97.007292,183.540917,201,202,True,
http-20260825T171719Z-cae8f09e,http-20260825T171719Z-cae8f09e-r2-c20,2,20,816,102.273583,3.872166,101.138875,207.286041,201,202,True,
http-20260825T171719Z-cae8f09e,http-20260825T171719Z-cae8f09e-r2-c20,2,20,817,86.818042,3.95,227.500084,318.2695,201,202,True,
http-20260825T171719Z-cae8f09e,http-20260825T171719Z-cae8f09e-r2-c20,2,20,818,105.32675,4.022875,148.266333,257.617625,201,202,True,
http-20260825T171719Z-cae8f09e,http-20260825T171719Z-cae8f09e-r2-c20,2,20,819,138.950375,4.180584,142.682416,285.815,201,202,True,
http-20260825T171719Z-cae8f09e,http-20260825T171719Z-cae8f09e-r2-c20,2,20,820,128.370791,3.808375,119.523125,251.704083,201,202,True,
http-20260825T171719Z-cae8f09e,http-20260825T171719Z-cae8f09e-r2-c20,2,20,821,105.651417,4.195167,160.932583,270.781083,201,202,True,
http-20260825T171719Z-cae8f09e,http-20260825T171719Z-cae8f09e-r2-c20,2,20,822,86.503167,4.032667,73.258958,163.796791,201,202,True,
http-20260825T171719Z-cae8f09e,http-20260825T171719Z-cae8f09e-r2-c20,2,20,823,112.03725,4.009333,198.100709,314.149125,201,202,True,
http-20260825T171719Z-cae8f09e,http-20260825T171719Z-cae8f09e-r2-c20,2,20,824,103.4125,3.958375,111.267167,218.639333,201,202,True,
http-20260825T171719Z-cae8f09e,http-20260825T171719Z-cae8f09e-r2-c20,2,20,825,154.749583,3.857125,127.735333,286.343625,201,202,True,
http-20260825T171719Z-cae8f09e,http-20260825T171719Z-cae8f09e-r2-c20,2,20,826,108.580959,3.981417,128.628792,241.192792,201,202,True,
http-20260825T171719Z-cae8f09e,http-20260825T171719Z-cae8f09e-r2-c20,2,20,827,112.877875,4.556292,95.043292,212.479375,201,202,True,
http-20260825T171719Z-cae8f09e,http-20260825T171719Z-cae8f09e-r2-c20,2,20,828,106.218958,3.887333,115.282167,225.3905,201,202,True,
http-20260825T171719Z-cae8f09e,http-20260825T171719Z-cae8f09e-r2-c20,2,20,829,115.050709,4.281208,191.862666,311.196583,201,202,True,
http-20260825T171719Z-cae8f09e,http-20260825T171719Z-cae8f09e-r2-c20,2,20,830,93.403042,4.288333,107.727542,205.42125,201,202,True,
http-20260825T171719Z-cae8f09e,http-20260825T171719Z-cae8f09e-r2-c20,2,20,831,165.921625,3.763416,105.670625,275.357,201,202,True,
http-20260825T171719Z-cae8f09e,http-20260825T171719Z-cae8f09e-r2-c20,2,20,832,112.980625,4.026291,187.596417,304.605042,201,202,True,
http-20260825T171719Z-cae8f09e,http-20260825T171719Z-cae8f09e-r2-c20,2,20,833,96.918,3.934875,127.953292,228.807667,201,202,True,
http-20260825T171719Z-cae8f09e,http-20260825T171719Z-cae8f09e-r2-c20,2,20,834,183.992,4.359125,108.573791,296.926541,201,202,True,
http-20260825T171719Z-cae8f09e,http-20260825T171719Z-cae8f09e-r2-c20,2,20,835,98.2035,4.0785,97.97875,200.262459,201,202,True,
http-20260825T171719Z-cae8f09e,http-20260825T171719Z-cae8f09e-r2-c20,2,20,836,118.799416,4.182625,129.248584,252.232792,201,202,True,
http-20260825T171719Z-cae8f09e,http-20260825T171719Z-cae8f09e-r2-c20,2,20,837,93.806,4.070083,89.646083,187.524416,201,202,True,
http-20260825T171719Z-cae8f09e,http-20260825T171719Z-cae8f09e-r2-c20,2,20,838,139.174042,4.088916,197.86225,341.127334,201,202,True,
http-20260825T171719Z-cae8f09e,http-20260825T171719Z-cae8f09e-r2-c20,2,20,839,113.899083,3.828166,152.52925,270.258125,201,202,True,
http-20260825T171719Z-cae8f09e,http-20260825T171719Z-cae8f09e-r2-c20,2,20,840,196.16725,4.139709,152.680375,352.989167,201,202,True,
http-20260825T171719Z-cae8f09e,http-20260825T171719Z-cae8f09e-r2-c20,2,20,841,113.481667,3.888833,104.864167,222.236375,201,202,True,
http-20260825T171719Z-cae8f09e,http-20260825T171719Z-cae8f09e-r2-c20,2,20,842,104.889125,4.084875,131.245125,240.221333,201,202,True,
http-20260825T171719Z-cae8f09e,http-20260825T171719Z-cae8f09e-r2-c20,2,20,843,96.60475,3.900958,168.72875,269.236333,201,202,True,
http-20260825T171719Z-cae8f09e,http-20260825T171719Z-cae8f09e-r2-c20,2,20,844,92.388542,3.877417,138.106667,234.374083,201,202,True,
http-20260825T171719Z-cae8f09e,http-20260825T171719Z-cae8f09e-r2-c20,2,20,845,125.571125,4.407875,114.236792,244.217208,201,202,True,
http-20260825T171719Z-cae8f09e,http-20260825T171719Z-cae8f09e-r2-c20,2,20,846,114.760083,4.368166,151.3105,270.440708,201,202,True,
http-20260825T171719Z-cae8f09e,http-20260825T171719Z-cae8f09e-r2-c20,2,20,847,110.951625,3.9645,110.179375,225.097583,201,202,True,
http-20260825T171719Z-cae8f09e,http-20260825T171719Z-cae8f09e-r2-c20,2,20,848,89.915292,4.254792,129.674875,223.847042,201,202,True,
http-20260825T171719Z-cae8f09e,http-20260825T171719Z-cae8f09e-r2-c20,2,20,849,86.910958,4.394084,391.822584,483.129167,201,202,True,
http-20260825T171719Z-cae8f09e,http-20260825T171719Z-cae8f09e-r2-c20,2,20,850,100.63125,4.191625,236.730958,341.55625,201,202,True,
http-20260825T171719Z-cae8f09e,http-20260825T171719Z-cae8f09e-r2-c20,2,20,851,160.721333,4.347083,172.984,338.054083,201,202,True,
http-20260825T171719Z-cae8f09e,http-20260825T171719Z-cae8f09e-r2-c20,2,20,852,160.635,4.102583,111.255166,275.994667,201,202,True,
http-20260825T171719Z-cae8f09e,http-20260825T171719Z-cae8f09e-r2-c20,2,20,853,129.895708,4.020458,148.722459,282.640791,201,202,True,
http-20260825T171719Z-cae8f09e,http-20260825T171719Z-cae8f09e-r2-c20,2,20,854,182.474875,3.997792,102.785791,289.26025,201,202,True,
http-20260825T171719Z-cae8f09e,http-20260825T171719Z-cae8f09e-r2-c20,2,20,855,137.168333,4.117833,79.438542,220.726583,201,202,True,
http-20260825T171719Z-cae8f09e,http-20260825T171719Z-cae8f09e-r2-c20,2,20,856,108.716167,4.058041,156.567833,269.343792,201,202,True,
http-20260825T171719Z-cae8f09e,http-20260825T171719Z-cae8f09e-r2-c20,2,20,857,123.167375,3.811375,133.376041,260.35625,201,202,True,
http-20260825T171719Z-cae8f09e,http-20260825T171719Z-cae8f09e-r2-c20,2,20,858,101.328125,4.064042,123.517,228.911291,201,202,True,
http-20260825T171719Z-cae8f09e,http-20260825T171719Z-cae8f09e-r2-c20,2,20,859,93.595083,4.129708,155.71875,253.445542,201,202,True,
http-20260825T171719Z-cae8f09e,http-20260825T171719Z-cae8f09e-r2-c20,2,20,860,85.565,4.1035,112.268084,201.938417,201,202,True,
http-20260825T171719Z-cae8f09e,http-20260825T171719Z-cae8f09e-r2-c20,2,20,861,115.112584,4.341791,159.861542,279.318542,201,202,True,
http-20260825T171719Z-cae8f09e,http-20260825T171719Z-cae8f09e-r2-c20,2,20,862,137.544584,3.955375,87.807542,229.309292,201,202,True,
http-20260825T171719Z-cae8f09e,http-20260825T171719Z-cae8f09e-r2-c20,2,20,863,76.099458,4.182167,156.032625,236.316791,201,202,True,
http-20260825T171719Z-cae8f09e,http-20260825T171719Z-cae8f09e-r2-c20,2,20,864,108.293416,4.156667,150.342333,262.794833,201,202,True,
http-20260825T171719Z-cae8f09e,http-20260825T171719Z-cae8f09e-r2-c20,2,20,865,138.827583,4.078875,125.128917,268.037208,201,202,True,
http-20260825T171719Z-cae8f09e,http-20260825T171719Z-cae8f09e-r2-c20,2,20,866,133.684625,4.109042,88.240834,226.035833,201,202,True,
http-20260825T171719Z-cae8f09e,http-20260825T171719Z-cae8f09e-r2-c20,2,20,867,124.218875,4.538709,106.991166,235.751042,201,202,True,
http-20260825T171719Z-cae8f09e,http-20260825T171719Z-cae8f09e-r2-c20,2,20,868,123.545875,4.047542,158.443042,286.03875,201,202,True,
http-20260825T171719Z-cae8f09e,http-20260825T171719Z-cae8f09e-r2-c20,2,20,869,166.842417,4.27175,80.990875,252.10725,201,202,True,
http-20260825T171719Z-cae8f09e,http-20260825T171719Z-cae8f09e-r2-c20,2,20,870,95.197083,4.274834,80.735667,180.209583,201,202,True,
http-20260825T171719Z-cae8f09e,http-20260825T171719Z-cae8f09e-r2-c20,2,20,871,85.340333,4.053625,89.9455,179.34075,201,202,True,
http-20260825T171719Z-cae8f09e,http-20260825T171719Z-cae8f09e-r2-c20,2,20,872,103.494375,4.155875,83.243125,190.895375,201,202,True,
http-20260825T171719Z-cae8f09e,http-20260825T171719Z-cae8f09e-r2-c20,2,20,873,185.82175,3.880875,24.381708,214.085792,201,202,True,
http-20260825T171719Z-cae8f09e,http-20260825T171719Z-cae8f09e-r2-c20,2,20,874,143.664667,3.888,53.709292,201.263667,201,202,True,
http-20260825T171719Z-cae8f09e,http-20260825T171719Z-cae8f09e-r2-c20,2,20,875,158.833542,4.20625,46.803417,209.845416,201,202,True,
http-20260825T171719Z-cae8f09e,http-20260825T171719Z-cae8f09e-r2-c20,2,20,876,112.956834,4.23375,71.851042,189.043375,201,202,True,
http-20260825T171719Z-cae8f09e,http-20260825T171719Z-cae8f09e-r2-c20,2,20,877,91.920958,4.182541,77.611541,173.716583,201,202,True,
http-20260825T171719Z-cae8f09e,http-20260825T171719Z-cae8f09e-r2-c20,2,20,878,97.8435,4.157084,75.430583,177.433041,201,202,True,
http-20260825T171719Z-cae8f09e,http-20260825T171719Z-cae8f09e-r2-c20,2,20,879,84.826917,4.344083,68.559875,157.732791,201,202,True,
http-20260825T171719Z-cae8f09e,http-20260825T171719Z-cae8f09e-r3-c1,3,1,890,17.692959,4.116084,22.163959,43.975041,201,202,True,
http-20260825T171719Z-cae8f09e,http-20260825T171719Z-cae8f09e-r3-c1,3,1,891,20.234917,4.088,22.543792,46.868791,201,202,True,
http-20260825T171719Z-cae8f09e,http-20260825T171719Z-cae8f09e-r3-c1,3,1,892,20.0135,4.428334,22.156833,46.600333,201,202,True,
http-20260825T171719Z-cae8f09e,http-20260825T171719Z-cae8f09e-r3-c1,3,1,893,18.51575,4.314709,21.10025,43.932625,201,202,True,
http-20260825T171719Z-cae8f09e,http-20260825T171719Z-cae8f09e-r3-c1,3,1,894,18.705667,4.081167,22.101083,44.890292,201,202,True,
http-20260825T171719Z-cae8f09e,http-20260825T171719Z-cae8f09e-r3-c1,3,1,895,19.56025,4.577083,24.378708,48.517958,201,202,True,
http-20260825T171719Z-cae8f09e,http-20260825T171719Z-cae8f09e-r3-c1,3,1,896,19.572333,4.237917,24.894292,48.707,201,202,True,
http-20260825T171719Z-cae8f09e,http-20260825T171719Z-cae8f09e-r3-c1,3,1,897,21.453583,4.920959,27.011667,53.388625,201,202,True,
http-20260825T171719Z-cae8f09e,http-20260825T171719Z-cae8f09e-r3-c1,3,1,898,21.369125,4.030917,22.46825,47.870083,201,202,True,
http-20260825T171719Z-cae8f09e,http-20260825T171719Z-cae8f09e-r3-c1,3,1,899,19.245292,4.227375,22.424375,45.898917,201,202,True,
http-20260825T171719Z-cae8f09e,http-20260825T171719Z-cae8f09e-r3-c1,3,1,900,19.177292,4.078583,23.075667,46.334334,201,202,True,
http-20260825T171719Z-cae8f09e,http-20260825T171719Z-cae8f09e-r3-c1,3,1,901,20.011625,4.489375,23.027125,47.530875,201,202,True,
http-20260825T171719Z-cae8f09e,http-20260825T171719Z-cae8f09e-r3-c1,3,1,902,20.608667,4.472583,24.191083,49.274833,201,202,True,
http-20260825T171719Z-cae8f09e,http-20260825T171719Z-cae8f09e-r3-c1,3,1,903,19.71325,4.28925,25.501,49.505959,201,202,True,
http-20260825T171719Z-cae8f09e,http-20260825T171719Z-cae8f09e-r3-c1,3,1,904,19.312083,4.57925,24.080917,47.974583,201,202,True,
http-20260825T171719Z-cae8f09e,http-20260825T171719Z-cae8f09e-r3-c1,3,1,905,25.289083,6.141042,23.540042,54.972625,201,202,True,
http-20260825T171719Z-cae8f09e,http-20260825T171719Z-cae8f09e-r3-c1,3,1,906,20.087584,4.682834,22.585416,47.357875,201,202,True,
http-20260825T171719Z-cae8f09e,http-20260825T171719Z-cae8f09e-r3-c1,3,1,907,18.474083,4.158666,30.280417,52.915583,201,202,True,
http-20260825T171719Z-cae8f09e,http-20260825T171719Z-cae8f09e-r3-c1,3,1,908,19.359875,4.392708,22.009209,45.764,201,202,True,
http-20260825T171719Z-cae8f09e,http-20260825T171719Z-cae8f09e-r3-c1,3,1,909,21.760416,4.539292,23.829959,50.132,201,202,True,
http-20260825T171719Z-cae8f09e,http-20260825T171719Z-cae8f09e-r3-c1,3,1,910,19.065583,4.447792,22.621792,46.136917,201,202,True,
http-20260825T171719Z-cae8f09e,http-20260825T171719Z-cae8f09e-r3-c1,3,1,911,18.902583,4.255959,22.699333,45.859458,201,202,True,
http-20260825T171719Z-cae8f09e,http-20260825T171719Z-cae8f09e-r3-c1,3,1,912,18.890083,4.130625,23.350917,46.3735,201,202,True,
http-20260825T171719Z-cae8f09e,http-20260825T171719Z-cae8f09e-r3-c1,3,1,913,19.694917,4.223458,24.018708,47.939333,201,202,True,
http-20260825T171719Z-cae8f09e,http-20260825T171719Z-cae8f09e-r3-c1,3,1,914,19.535666,4.398542,23.082625,47.019,201,202,True,
http-20260825T171719Z-cae8f09e,http-20260825T171719Z-cae8f09e-r3-c1,3,1,915,19.203,4.0375,22.620208,45.862833,201,202,True,
http-20260825T171719Z-cae8f09e,http-20260825T171719Z-cae8f09e-r3-c1,3,1,916,21.498875,4.233083,25.20725,50.941416,201,202,True,
http-20260825T171719Z-cae8f09e,http-20260825T171719Z-cae8f09e-r3-c1,3,1,917,20.979125,4.348,22.47025,47.799333,201,202,True,
http-20260825T171719Z-cae8f09e,http-20260825T171719Z-cae8f09e-r3-c1,3,1,918,22.272292,3.980708,22.3075,48.56275,201,202,True,
http-20260825T171719Z-cae8f09e,http-20260825T171719Z-cae8f09e-r3-c1,3,1,919,19.642791,3.941708,23.253125,46.840125,201,202,True,
http-20260825T171719Z-cae8f09e,http-20260825T171719Z-cae8f09e-r3-c1,3,1,920,24.726208,4.037041,22.257417,51.023125,201,202,True,
http-20260825T171719Z-cae8f09e,http-20260825T171719Z-cae8f09e-r3-c1,3,1,921,19.947083,3.960917,22.77125,46.681833,201,202,True,
http-20260825T171719Z-cae8f09e,http-20260825T171719Z-cae8f09e-r3-c1,3,1,922,49.408333,5.124875,24.637292,79.172917,201,202,True,
http-20260825T171719Z-cae8f09e,http-20260825T171719Z-cae8f09e-r3-c1,3,1,923,20.669209,4.100458,25.078625,49.850209,201,202,True,
http-20260825T171719Z-cae8f09e,http-20260825T171719Z-cae8f09e-r3-c1,3,1,924,20.749167,4.1205,22.800292,47.67175,201,202,True,
http-20260825T171719Z-cae8f09e,http-20260825T171719Z-cae8f09e-r3-c1,3,1,925,18.506292,4.017042,23.595292,46.120375,201,202,True,
http-20260825T171719Z-cae8f09e,http-20260825T171719Z-cae8f09e-r3-c1,3,1,926,18.119,4.04525,23.019542,45.185792,201,202,True,
http-20260825T171719Z-cae8f09e,http-20260825T171719Z-cae8f09e-r3-c1,3,1,927,18.486291,4.670042,23.107875,46.266208,201,202,True,
http-20260825T171719Z-cae8f09e,http-20260825T171719Z-cae8f09e-r3-c1,3,1,928,18.727208,4.370625,21.792625,44.8925,201,202,True,
http-20260825T171719Z-cae8f09e,http-20260825T171719Z-cae8f09e-r3-c1,3,1,929,19.559667,4.104625,22.536042,46.202042,201,202,True,
http-20260825T171719Z-cae8f09e,http-20260825T171719Z-cae8f09e-r3-c1,3,1,930,19.180458,4.337208,23.610959,47.130792,201,202,True,
http-20260825T171719Z-cae8f09e,http-20260825T171719Z-cae8f09e-r3-c1,3,1,931,19.059542,4.01675,21.377167,44.455625,201,202,True,
http-20260825T171719Z-cae8f09e,http-20260825T171719Z-cae8f09e-r3-c1,3,1,932,19.132,4.07525,23.034666,46.244125,201,202,True,
http-20260825T171719Z-cae8f09e,http-20260825T171719Z-cae8f09e-r3-c1,3,1,933,18.512292,4.212584,24.939125,47.665709,201,202,True,
http-20260825T171719Z-cae8f09e,http-20260825T171719Z-cae8f09e-r3-c1,3,1,934,18.630375,4.082167,22.715084,45.429333,201,202,True,
http-20260825T171719Z-cae8f09e,http-20260825T171719Z-cae8f09e-r3-c1,3,1,935,19.574042,4.115667,22.159875,45.8515,201,202,True,
http-20260825T171719Z-cae8f09e,http-20260825T171719Z-cae8f09e-r3-c1,3,1,936,19.797542,3.947209,22.116583,45.863458,201,202,True,
http-20260825T171719Z-cae8f09e,http-20260825T171719Z-cae8f09e-r3-c1,3,1,937,20.337625,4.000459,21.9235,46.263417,201,202,True,
http-20260825T171719Z-cae8f09e,http-20260825T171719Z-cae8f09e-r3-c1,3,1,938,20.195167,4.198667,23.308625,47.704375,201,202,True,
http-20260825T171719Z-cae8f09e,http-20260825T171719Z-cae8f09e-r3-c1,3,1,939,24.315916,4.1295,22.70225,51.149416,201,202,True,
http-20260825T171719Z-cae8f09e,http-20260825T171719Z-cae8f09e-r3-c1,3,1,940,19.906958,4.154583,22.236333,46.3,201,202,True,
http-20260825T171719Z-cae8f09e,http-20260825T171719Z-cae8f09e-r3-c1,3,1,941,21.041916,4.077625,32.469167,57.590958,201,202,True,
http-20260825T171719Z-cae8f09e,http-20260825T171719Z-cae8f09e-r3-c1,3,1,942,25.193041,4.215792,22.933125,52.344041,201,202,True,
http-20260825T171719Z-cae8f09e,http-20260825T171719Z-cae8f09e-r3-c1,3,1,943,19.410792,4.230083,21.391916,45.034667,201,202,True,
http-20260825T171719Z-cae8f09e,http-20260825T171719Z-cae8f09e-r3-c1,3,1,944,17.979417,4.344042,22.10775,44.43325,201,202,True,
http-20260825T171719Z-cae8f09e,http-20260825T171719Z-cae8f09e-r3-c1,3,1,945,20.14425,4.019708,22.783958,46.949833,201,202,True,
http-20260825T171719Z-cae8f09e,http-20260825T171719Z-cae8f09e-r3-c1,3,1,946,21.28775,3.948666,21.34875,46.586917,201,202,True,
http-20260825T171719Z-cae8f09e,http-20260825T171719Z-cae8f09e-r3-c1,3,1,947,17.758375,4.151458,21.363917,43.27575,201,202,True,
http-20260825T171719Z-cae8f09e,http-20260825T171719Z-cae8f09e-r3-c1,3,1,948,17.261541,4.116625,22.18725,43.567625,201,202,True,
http-20260825T171719Z-cae8f09e,http-20260825T171719Z-cae8f09e-r3-c1,3,1,949,18.385167,4.321583,21.477208,44.186083,201,202,True,
http-20260825T171719Z-cae8f09e,http-20260825T171719Z-cae8f09e-r3-c1,3,1,950,19.559458,4.246334,22.843875,46.651708,201,202,True,
http-20260825T171719Z-cae8f09e,http-20260825T171719Z-cae8f09e-r3-c1,3,1,951,19.325167,4.289667,21.971166,45.588042,201,202,True,
http-20260825T171719Z-cae8f09e,http-20260825T171719Z-cae8f09e-r3-c1,3,1,952,21.705583,4.260583,21.36875,47.336792,201,202,True,
http-20260825T171719Z-cae8f09e,http-20260825T171719Z-cae8f09e-r3-c1,3,1,953,19.230417,4.063625,22.380083,45.681333,201,202,True,
http-20260825T171719Z-cae8f09e,http-20260825T171719Z-cae8f09e-r3-c1,3,1,954,20.124625,4.304375,23.984209,48.417375,201,202,True,
http-20260825T171719Z-cae8f09e,http-20260825T171719Z-cae8f09e-r3-c1,3,1,955,18.180625,4.4355,23.074042,45.692,201,202,True,
http-20260825T171719Z-cae8f09e,http-20260825T171719Z-cae8f09e-r3-c1,3,1,956,18.514584,4.310583,21.236,44.062875,201,202,True,
http-20260825T171719Z-cae8f09e,http-20260825T171719Z-cae8f09e-r3-c1,3,1,957,18.614208,4.245292,22.733625,45.595125,201,202,True,
http-20260825T171719Z-cae8f09e,http-20260825T171719Z-cae8f09e-r3-c1,3,1,958,18.996542,4.16175,25.722125,48.882375,201,202,True,
http-20260825T171719Z-cae8f09e,http-20260825T171719Z-cae8f09e-r3-c1,3,1,959,22.020166,4.146292,25.67425,51.842875,201,202,True,
http-20260825T171719Z-cae8f09e,http-20260825T171719Z-cae8f09e-r3-c1,3,1,960,21.090792,4.034,20.487458,45.614167,201,202,True,
http-20260825T171719Z-cae8f09e,http-20260825T171719Z-cae8f09e-r3-c1,3,1,961,18.524875,4.42525,22.78225,45.734083,201,202,True,
http-20260825T171719Z-cae8f09e,http-20260825T171719Z-cae8f09e-r3-c1,3,1,962,19.298333,4.015292,23.441709,46.757375,201,202,True,
http-20260825T171719Z-cae8f09e,http-20260825T171719Z-cae8f09e-r3-c1,3,1,963,19.058291,4.213083,21.932,45.205542,201,202,True,
http-20260825T171719Z-cae8f09e,http-20260825T171719Z-cae8f09e-r3-c1,3,1,964,20.250791,4.187167,21.818834,46.25875,201,202,True,
http-20260825T171719Z-cae8f09e,http-20260825T171719Z-cae8f09e-r3-c1,3,1,965,18.919292,4.104375,22.551792,45.577042,201,202,True,
http-20260825T171719Z-cae8f09e,http-20260825T171719Z-cae8f09e-r3-c1,3,1,966,19.451042,4.221125,23.003292,46.677208,201,202,True,
http-20260825T171719Z-cae8f09e,http-20260825T171719Z-cae8f09e-r3-c1,3,1,967,20.540084,4.033916,21.849833,46.425625,201,202,True,
http-20260825T171719Z-cae8f09e,http-20260825T171719Z-cae8f09e-r3-c1,3,1,968,21.779584,4.260791,22.153208,48.19525,201,202,True,
http-20260825T171719Z-cae8f09e,http-20260825T171719Z-cae8f09e-r3-c1,3,1,969,19.218959,4.001125,22.051291,45.273083,201,202,True,
http-20260825T171719Z-cae8f09e,http-20260825T171719Z-cae8f09e-r3-c1,3,1,970,18.491916,4.190042,22.805917,45.4895,201,202,True,
http-20260825T171719Z-cae8f09e,http-20260825T171719Z-cae8f09e-r3-c1,3,1,971,19.005875,4.057875,22.694417,45.759916,201,202,True,
http-20260825T171719Z-cae8f09e,http-20260825T171719Z-cae8f09e-r3-c1,3,1,972,17.949833,4.270708,22.599083,44.821583,201,202,True,
http-20260825T171719Z-cae8f09e,http-20260825T171719Z-cae8f09e-r3-c1,3,1,973,18.915541,4.594625,22.043042,45.55525,201,202,True,
http-20260825T171719Z-cae8f09e,http-20260825T171719Z-cae8f09e-r3-c1,3,1,974,18.812875,4.085875,23.426459,46.326667,201,202,True,
http-20260825T171719Z-cae8f09e,http-20260825T171719Z-cae8f09e-r3-c1,3,1,975,19.002125,4.222375,23.4595,46.685708,201,202,True,
http-20260825T171719Z-cae8f09e,http-20260825T171719Z-cae8f09e-r3-c1,3,1,976,22.433209,4.246125,23.028292,49.709417,201,202,True,
http-20260825T171719Z-cae8f09e,http-20260825T171719Z-cae8f09e-r3-c1,3,1,977,18.633875,3.977375,22.414458,45.027625,201,202,True,
http-20260825T171719Z-cae8f09e,http-20260825T171719Z-cae8f09e-r3-c1,3,1,978,18.904,4.135375,23.147125,46.188083,201,202,True,
http-20260825T171719Z-cae8f09e,http-20260825T171719Z-cae8f09e-r3-c1,3,1,979,20.50275,4.186542,22.339084,47.029958,201,202,True,
http-20260825T171719Z-cae8f09e,http-20260825T171719Z-cae8f09e-r3-c1,3,1,980,21.580166,4.558792,22.851209,48.991959,201,202,True,
http-20260825T171719Z-cae8f09e,http-20260825T171719Z-cae8f09e-r3-c1,3,1,981,19.414208,4.141125,21.705792,45.262875,201,202,True,
http-20260825T171719Z-cae8f09e,http-20260825T171719Z-cae8f09e-r3-c1,3,1,982,18.867,4.273333,21.710791,44.85275,201,202,True,
http-20260825T171719Z-cae8f09e,http-20260825T171719Z-cae8f09e-r3-c1,3,1,983,18.545917,4.216709,22.658125,45.422458,201,202,True,
http-20260825T171719Z-cae8f09e,http-20260825T171719Z-cae8f09e-r3-c1,3,1,984,20.668292,4.563916,21.292,46.526084,201,202,True,
http-20260825T171719Z-cae8f09e,http-20260825T171719Z-cae8f09e-r3-c1,3,1,985,18.795584,4.164709,26.820375,49.783458,201,202,True,
http-20260825T171719Z-cae8f09e,http-20260825T171719Z-cae8f09e-r3-c1,3,1,986,22.488916,4.179459,21.191,47.861083,201,202,True,
http-20260825T171719Z-cae8f09e,http-20260825T171719Z-cae8f09e-r3-c1,3,1,987,18.940083,4.31125,21.356833,44.610375,201,202,True,
http-20260825T171719Z-cae8f09e,http-20260825T171719Z-cae8f09e-r3-c1,3,1,988,17.570625,4.197792,22.634875,44.405,201,202,True,
http-20260825T171719Z-cae8f09e,http-20260825T171719Z-cae8f09e-r3-c1,3,1,989,17.456125,4.257334,21.639542,43.354917,201,202,True,
http-20260825T171719Z-cae8f09e,http-20260825T171719Z-cae8f09e-r3-c5,3,5,1000,27.905584,3.966375,31.465209,63.338959,201,202,True,
http-20260825T171719Z-cae8f09e,http-20260825T171719Z-cae8f09e-r3-c5,3,5,1001,42.972,3.914791,41.788833,88.677667,201,202,True,
http-20260825T171719Z-cae8f09e,http-20260825T171719Z-cae8f09e-r3-c5,3,5,1002,38.798958,3.946291,51.275542,94.022958,201,202,True,
http-20260825T171719Z-cae8f09e,http-20260825T171719Z-cae8f09e-r3-c5,3,5,1003,46.898542,3.83975,46.201875,96.941667,201,202,True,
http-20260825T171719Z-cae8f09e,http-20260825T171719Z-cae8f09e-r3-c5,3,5,1004,34.390125,4.034459,41.246,79.672334,201,202,True,
http-20260825T171719Z-cae8f09e,http-20260825T171719Z-cae8f09e-r3-c5,3,5,1005,35.360416,3.98325,28.034625,67.380042,201,202,True,
http-20260825T171719Z-cae8f09e,http-20260825T171719Z-cae8f09e-r3-c5,3,5,1006,30.608958,3.99025,36.981583,71.583,201,202,True,
http-20260825T171719Z-cae8f09e,http-20260825T171719Z-cae8f09e-r3-c5,3,5,1007,26.0105,3.900167,41.16025,71.072625,201,202,True,
http-20260825T171719Z-cae8f09e,http-20260825T171719Z-cae8f09e-r3-c5,3,5,1008,28.3845,3.806333,37.763125,69.955375,201,202,True,
http-20260825T171719Z-cae8f09e,http-20260825T171719Z-cae8f09e-r3-c5,3,5,1009,29.455333,3.837625,37.296916,70.591375,201,202,True,
http-20260825T171719Z-cae8f09e,http-20260825T171719Z-cae8f09e-r3-c5,3,5,1010,42.314833,4.266708,32.2775,78.861083,201,202,True,
http-20260825T171719Z-cae8f09e,http-20260825T171719Z-cae8f09e-r3-c5,3,5,1011,25.951125,3.832667,36.551791,66.336917,201,202,True,
http-20260825T171719Z-cae8f09e,http-20260825T171719Z-cae8f09e-r3-c5,3,5,1012,21.650875,3.882416,41.75575,67.291292,201,202,True,
http-20260825T171719Z-cae8f09e,http-20260825T171719Z-cae8f09e-r3-c5,3,5,1013,23.695625,3.754875,41.455875,68.907417,201,202,True,
http-20260825T171719Z-cae8f09e,http-20260825T171719Z-cae8f09e-r3-c5,3,5,1014,28.4035,3.704042,32.973708,65.082792,201,202,True,
http-20260825T171719Z-cae8f09e,http-20260825T171719Z-cae8f09e-r3-c5,3,5,1015,30.909125,3.906,28.433375,63.250083,201,202,True,
http-20260825T171719Z-cae8f09e,http-20260825T171719Z-cae8f09e-r3-c5,3,5,1016,29.84625,4.090709,32.666917,66.605792,201,202,True,
http-20260825T171719Z-cae8f09e,http-20260825T171719Z-cae8f09e-r3-c5,3,5,1017,24.9105,4.155583,43.219583,72.287125,201,202,True,
http-20260825T171719Z-cae8f09e,http-20260825T171719Z-cae8f09e-r3-c5,3,5,1018,35.642917,4.085792,38.477041,78.208208,201,202,True,
http-20260825T171719Z-cae8f09e,http-20260825T171719Z-cae8f09e-r3-c5,3,5,1019,31.315125,3.887209,36.547417,71.751833,201,202,True,
http-20260825T171719Z-cae8f09e,http-20260825T171719Z-cae8f09e-r3-c5,3,5,1020,39.170375,4.259125,29.607667,73.039125,201,202,True,
http-20260825T171719Z-cae8f09e,http-20260825T171719Z-cae8f09e-r3-c5,3,5,1021,32.838667,3.793667,37.010292,73.644167,201,202,True,
http-20260825T171719Z-cae8f09e,http-20260825T171719Z-cae8f09e-r3-c5,3,5,1022,24.537,3.975333,39.1755,67.690125,201,202,True,
http-20260825T171719Z-cae8f09e,http-20260825T171719Z-cae8f09e-r3-c5,3,5,1023,29.048292,4.031667,39.397125,72.479375,201,202,True,
http-20260825T171719Z-cae8f09e,http-20260825T171719Z-cae8f09e-r3-c5,3,5,1024,27.072959,3.967709,39.510792,70.553167,201,202,True,
http-20260825T171719Z-cae8f09e,http-20260825T171719Z-cae8f09e-r3-c5,3,5,1025,43.413083,4.32725,42.763375,90.505791,201,202,True,
http-20260825T171719Z-cae8f09e,http-20260825T171719Z-cae8f09e-r3-c5,3,5,1026,35.688917,4.281791,37.070958,77.043458,201,202,True,
http-20260825T171719Z-cae8f09e,http-20260825T171719Z-cae8f09e-r3-c5,3,5,1027,31.212708,3.990292,43.545333,78.750416,201,202,True,
http-20260825T171719Z-cae8f09e,http-20260825T171719Z-cae8f09e-r3-c5,3,5,1028,25.248875,3.73575,40.608208,69.594292,201,202,True,
http-20260825T171719Z-cae8f09e,http-20260825T171719Z-cae8f09e-r3-c5,3,5,1029,27.505416,3.967209,43.807042,75.281375,201,202,True,
http-20260825T171719Z-cae8f09e,http-20260825T171719Z-cae8f09e-r3-c5,3,5,1030,32.327166,4.2825,39.560167,76.172,201,202,True,
http-20260825T171719Z-cae8f09e,http-20260825T171719Z-cae8f09e-r3-c5,3,5,1031,35.756375,4.120125,34.012125,73.891083,201,202,True,
http-20260825T171719Z-cae8f09e,http-20260825T171719Z-cae8f09e-r3-c5,3,5,1032,30.502042,4.044041,47.863,82.410875,201,202,True,
http-20260825T171719Z-cae8f09e,http-20260825T171719Z-cae8f09e-r3-c5,3,5,1033,33.793083,3.893416,46.402208,84.090541,201,202,True,
http-20260825T171719Z-cae8f09e,http-20260825T171719Z-cae8f09e-r3-c5,3,5,1034,27.851125,4.067208,46.9115,78.831542,201,202,True,
http-20260825T171719Z-cae8f09e,http-20260825T171719Z-cae8f09e-r3-c5,3,5,1035,39.437917,4.258833,37.470834,81.170209,201,202,True,
http-20260825T171719Z-cae8f09e,http-20260825T171719Z-cae8f09e-r3-c5,3,5,1036,42.886042,4.298666,41.855667,89.042583,201,202,True,
http-20260825T171719Z-cae8f09e,http-20260825T171719Z-cae8f09e-r3-c5,3,5,1037,34.9655,3.988667,51.417375,90.373583,201,202,True,
http-20260825T171719Z-cae8f09e,http-20260825T171719Z-cae8f09e-r3-c5,3,5,1038,27.836125,4.280666,46.217792,78.337,201,202,True,
http-20260825T171719Z-cae8f09e,http-20260825T171719Z-cae8f09e-r3-c5,3,5,1039,31.78475,4.081958,42.572625,78.441417,201,202,True,
http-20260825T171719Z-cae8f09e,http-20260825T171719Z-cae8f09e-r3-c5,3,5,1040,34.484125,4.323125,32.781292,71.591667,201,202,True,
http-20260825T171719Z-cae8f09e,http-20260825T171719Z-cae8f09e-r3-c5,3,5,1041,34.020333,4.179042,45.972041,84.173833,201,202,True,
http-20260825T171719Z-cae8f09e,http-20260825T171719Z-cae8f09e-r3-c5,3,5,1042,29.532792,3.975958,50.996417,84.507334,201,202,True,
http-20260825T171719Z-cae8f09e,http-20260825T171719Z-cae8f09e-r3-c5,3,5,1043,28.865584,3.928875,47.544708,80.34075,201,202,True,
http-20260825T171719Z-cae8f09e,http-20260825T171719Z-cae8f09e-r3-c5,3,5,1044,31.102209,3.997584,40.509542,75.611583,201,202,True,
http-20260825T171719Z-cae8f09e,http-20260825T171719Z-cae8f09e-r3-c5,3,5,1045,38.734834,3.986083,49.681291,92.40375,201,202,True,
http-20260825T171719Z-cae8f09e,http-20260825T171719Z-cae8f09e-r3-c5,3,5,1046,31.233667,4.231084,40.667375,76.134917,201,202,True,
http-20260825T171719Z-cae8f09e,http-20260825T171719Z-cae8f09e-r3-c5,3,5,1047,48.955083,4.0565,41.837625,94.850916,201,202,True,
http-20260825T171719Z-cae8f09e,http-20260825T171719Z-cae8f09e-r3-c5,3,5,1048,56.690958,4.256667,39.554125,100.504666,201,202,True,
http-20260825T171719Z-cae8f09e,http-20260825T171719Z-cae8f09e-r3-c5,3,5,1049,52.553917,3.706375,37.657375,93.926917,201,202,True,
http-20260825T171719Z-cae8f09e,http-20260825T171719Z-cae8f09e-r3-c5,3,5,1050,39.816625,4.093708,38.767167,82.679666,201,202,True,
http-20260825T171719Z-cae8f09e,http-20260825T171719Z-cae8f09e-r3-c5,3,5,1051,41.493167,3.963791,32.071042,77.529458,201,202,True,
http-20260825T171719Z-cae8f09e,http-20260825T171719Z-cae8f09e-r3-c5,3,5,1052,37.20375,4.112958,36.788334,78.107292,201,202,True,
http-20260825T171719Z-cae8f09e,http-20260825T171719Z-cae8f09e-r3-c5,3,5,1053,45.2725,3.873167,38.475625,87.622834,201,202,True,
http-20260825T171719Z-cae8f09e,http-20260825T171719Z-cae8f09e-r3-c5,3,5,1054,35.222917,3.789083,37.106834,76.120625,201,202,True,
http-20260825T171719Z-cae8f09e,http-20260825T171719Z-cae8f09e-r3-c5,3,5,1055,48.398917,4.217458,49.128042,101.746,201,202,True,
http-20260825T171719Z-cae8f09e,http-20260825T171719Z-cae8f09e-r3-c5,3,5,1056,44.000333,3.9885,30.681625,78.672375,201,202,True,
http-20260825T171719Z-cae8f09e,http-20260825T171719Z-cae8f09e-r3-c5,3,5,1057,27.629708,4.304291,46.107875,78.044125,201,202,True,
http-20260825T171719Z-cae8f09e,http-20260825T171719Z-cae8f09e-r3-c5,3,5,1058,27.777667,3.794083,44.859833,76.43325,201,202,True,
http-20260825T171719Z-cae8f09e,http-20260825T171719Z-cae8f09e-r3-c5,3,5,1059,26.441834,4.055542,43.168292,73.667542,201,202,True,
http-20260825T171719Z-cae8f09e,http-20260825T171719Z-cae8f09e-r3-c5,3,5,1060,36.873709,3.907875,35.846041,76.629792,201,202,True,
http-20260825T171719Z-cae8f09e,http-20260825T171719Z-cae8f09e-r3-c5,3,5,1061,24.377042,4.151625,45.57875,74.109583,201,202,True,
http-20260825T171719Z-cae8f09e,http-20260825T171719Z-cae8f09e-r3-c5,3,5,1062,27.950916,4.27275,41.184583,73.41075,201,202,True,
http-20260825T171719Z-cae8f09e,http-20260825T171719Z-cae8f09e-r3-c5,3,5,1063,30.9645,4.162,39.085542,74.2145,201,202,True,
http-20260825T171719Z-cae8f09e,http-20260825T171719Z-cae8f09e-r3-c5,3,5,1064,32.759333,3.779959,38.23925,74.780041,201,202,True,
http-20260825T171719Z-cae8f09e,http-20260825T171719Z-cae8f09e-r3-c5,3,5,1065,38.792167,4.140417,32.987083,75.921667,201,202,True,
http-20260825T171719Z-cae8f09e,http-20260825T171719Z-cae8f09e-r3-c5,3,5,1066,26.08475,4.00375,42.396292,72.486458,201,202,True,
http-20260825T171719Z-cae8f09e,http-20260825T171719Z-cae8f09e-r3-c5,3,5,1067,29.335041,3.872666,46.998708,80.20775,201,202,True,
http-20260825T171719Z-cae8f09e,http-20260825T171719Z-cae8f09e-r3-c5,3,5,1068,29.857875,3.890958,43.719666,77.470209,201,202,True,
http-20260825T171719Z-cae8f09e,http-20260825T171719Z-cae8f09e-r3-c5,3,5,1069,30.740792,3.938917,43.957459,78.63875,201,202,True,
http-20260825T171719Z-cae8f09e,http-20260825T171719Z-cae8f09e-r3-c5,3,5,1070,36.982,4.254708,30.805916,72.044334,201,202,True,
http-20260825T171719Z-cae8f09e,http-20260825T171719Z-cae8f09e-r3-c5,3,5,1071,30.691667,4.215,28.221167,63.130208,201,202,True,
http-20260825T171719Z-cae8f09e,http-20260825T171719Z-cae8f09e-r3-c5,3,5,1072,31.745167,3.92775,38.563875,74.2385,201,202,True,
http-20260825T171719Z-cae8f09e,http-20260825T171719Z-cae8f09e-r3-c5,3,5,1073,35.063209,3.602958,38.250791,76.918209,201,202,True,
http-20260825T171719Z-cae8f09e,http-20260825T171719Z-cae8f09e-r3-c5,3,5,1074,34.397792,3.637209,35.352416,73.388291,201,202,True,
http-20260825T171719Z-cae8f09e,http-20260825T171719Z-cae8f09e-r3-c5,3,5,1075,40.042833,4.023917,30.359792,74.428041,201,202,True,
http-20260825T171719Z-cae8f09e,http-20260825T171719Z-cae8f09e-r3-c5,3,5,1076,36.264208,4.102833,30.0395,70.408083,201,202,True,
http-20260825T171719Z-cae8f09e,http-20260825T171719Z-cae8f09e-r3-c5,3,5,1077,31.241667,3.855166,33.095792,68.194416,201,202,True,
http-20260825T171719Z-cae8f09e,http-20260825T171719Z-cae8f09e-r3-c5,3,5,1078,31.832917,4.102625,33.43475,69.371917,201,202,True,
http-20260825T171719Z-cae8f09e,http-20260825T171719Z-cae8f09e-r3-c5,3,5,1079,35.253,3.710542,33.735875,72.700542,201,202,True,
http-20260825T171719Z-cae8f09e,http-20260825T171719Z-cae8f09e-r3-c5,3,5,1080,39.802416,4.243458,32.612833,76.660334,201,202,True,
http-20260825T171719Z-cae8f09e,http-20260825T171719Z-cae8f09e-r3-c5,3,5,1081,40.236291,4.046084,36.33475,80.619083,201,202,True,
http-20260825T171719Z-cae8f09e,http-20260825T171719Z-cae8f09e-r3-c5,3,5,1082,26.296709,4.118917,37.790708,68.208625,201,202,True,
http-20260825T171719Z-cae8f09e,http-20260825T171719Z-cae8f09e-r3-c5,3,5,1083,25.999208,3.777583,38.369042,68.148125,201,202,True,
http-20260825T171719Z-cae8f09e,http-20260825T171719Z-cae8f09e-r3-c5,3,5,1084,30.273167,3.979,34.343084,68.596833,201,202,True,
http-20260825T171719Z-cae8f09e,http-20260825T171719Z-cae8f09e-r3-c5,3,5,1085,37.953334,4.301083,37.869625,80.125958,201,202,True,
http-20260825T171719Z-cae8f09e,http-20260825T171719Z-cae8f09e-r3-c5,3,5,1086,34.555125,3.900708,33.44675,71.904375,201,202,True,
http-20260825T171719Z-cae8f09e,http-20260825T171719Z-cae8f09e-r3-c5,3,5,1087,30.322208,3.749875,42.114875,76.188375,201,202,True,
http-20260825T171719Z-cae8f09e,http-20260825T171719Z-cae8f09e-r3-c5,3,5,1088,29.613291,3.705292,45.592375,78.912334,201,202,True,
http-20260825T171719Z-cae8f09e,http-20260825T171719Z-cae8f09e-r3-c5,3,5,1089,28.894167,3.8415,38.814791,71.552792,201,202,True,
http-20260825T171719Z-cae8f09e,http-20260825T171719Z-cae8f09e-r3-c5,3,5,1090,35.218292,4.079375,43.281542,82.581833,201,202,True,
http-20260825T171719Z-cae8f09e,http-20260825T171719Z-cae8f09e-r3-c5,3,5,1091,39.400041,3.696125,35.855666,78.953375,201,202,True,
http-20260825T171719Z-cae8f09e,http-20260825T171719Z-cae8f09e-r3-c5,3,5,1092,30.862375,3.608416,37.998,72.470083,201,202,True,
http-20260825T171719Z-cae8f09e,http-20260825T171719Z-cae8f09e-r3-c5,3,5,1093,29.970333,3.558541,41.502958,75.033,201,202,True,
http-20260825T171719Z-cae8f09e,http-20260825T171719Z-cae8f09e-r3-c5,3,5,1094,30.8475,3.989417,45.913292,80.751792,201,202,True,
http-20260825T171719Z-cae8f09e,http-20260825T171719Z-cae8f09e-r3-c5,3,5,1095,28.027416,4.104791,34.747916,66.88175,201,202,True,
http-20260825T171719Z-cae8f09e,http-20260825T171719Z-cae8f09e-r3-c5,3,5,1096,28.969125,4.132542,45.365917,78.469375,201,202,True,
http-20260825T171719Z-cae8f09e,http-20260825T171719Z-cae8f09e-r3-c5,3,5,1097,31.880708,4.048125,35.832208,71.762459,201,202,True,
http-20260825T171719Z-cae8f09e,http-20260825T171719Z-cae8f09e-r3-c5,3,5,1098,28.919334,3.926541,37.590833,70.438458,201,202,True,
http-20260825T171719Z-cae8f09e,http-20260825T171719Z-cae8f09e-r3-c5,3,5,1099,24.589792,3.90275,38.426125,66.920375,201,202,True,
http-20260825T171719Z-cae8f09e,http-20260825T171719Z-cae8f09e-r3-c10,3,10,1110,44.793958,4.459334,69.471625,118.727042,201,202,True,
http-20260825T171719Z-cae8f09e,http-20260825T171719Z-cae8f09e-r3-c10,3,10,1111,70.050917,3.7405,76.495916,150.288833,201,202,True,
http-20260825T171719Z-cae8f09e,http-20260825T171719Z-cae8f09e-r3-c10,3,10,1112,61.887333,3.810458,72.4435,138.143,201,202,True,
http-20260825T171719Z-cae8f09e,http-20260825T171719Z-cae8f09e-r3-c10,3,10,1113,49.227292,4.089292,59.013958,112.332417,201,202,True,
http-20260825T171719Z-cae8f09e,http-20260825T171719Z-cae8f09e-r3-c10,3,10,1114,77.757166,3.933459,91.121541,172.813542,201,202,True,
http-20260825T171719Z-cae8f09e,http-20260825T171719Z-cae8f09e-r3-c10,3,10,1115,57.519583,4.023792,72.515917,134.061125,201,202,True,
http-20260825T171719Z-cae8f09e,http-20260825T171719Z-cae8f09e-r3-c10,3,10,1116,73.632042,3.881542,92.371791,169.886625,201,202,True,
http-20260825T171719Z-cae8f09e,http-20260825T171719Z-cae8f09e-r3-c10,3,10,1117,81.697417,4.129667,83.765584,169.594875,201,202,True,
http-20260825T171719Z-cae8f09e,http-20260825T171719Z-cae8f09e-r3-c10,3,10,1118,65.673583,3.771166,93.023,162.469292,201,202,True,
http-20260825T171719Z-cae8f09e,http-20260825T171719Z-cae8f09e-r3-c10,3,10,1119,53.223167,3.868292,72.463167,129.556375,201,202,True,
http-20260825T171719Z-cae8f09e,http-20260825T171719Z-cae8f09e-r3-c10,3,10,1120,67.394792,4.046292,54.9325,126.375417,201,202,True,
http-20260825T171719Z-cae8f09e,http-20260825T171719Z-cae8f09e-r3-c10,3,10,1121,69.25225,4.145125,49.075042,122.474625,201,202,True,
http-20260825T171719Z-cae8f09e,http-20260825T171719Z-cae8f09e-r3-c10,3,10,1122,63.662875,4.205666,51.254875,119.125625,201,202,True,
http-20260825T171719Z-cae8f09e,http-20260825T171719Z-cae8f09e-r3-c10,3,10,1123,78.579625,5.341,77.853708,161.777708,201,202,True,
http-20260825T171719Z-cae8f09e,http-20260825T171719Z-cae8f09e-r3-c10,3,10,1124,84.675459,3.865958,64.745833,153.289208,201,202,True,
http-20260825T171719Z-cae8f09e,http-20260825T171719Z-cae8f09e-r3-c10,3,10,1125,68.250458,4.116041,67.226958,139.5955,201,202,True,
http-20260825T171719Z-cae8f09e,http-20260825T171719Z-cae8f09e-r3-c10,3,10,1126,40.658875,3.912084,69.357,113.930375,201,202,True,
http-20260825T171719Z-cae8f09e,http-20260825T171719Z-cae8f09e-r3-c10,3,10,1127,56.966083,3.664083,72.278083,132.909458,201,202,True,
http-20260825T171719Z-cae8f09e,http-20260825T171719Z-cae8f09e-r3-c10,3,10,1128,64.52175,3.927292,66.600166,135.051042,201,202,True,
http-20260825T171719Z-cae8f09e,http-20260825T171719Z-cae8f09e-r3-c10,3,10,1129,57.641125,3.820334,68.10275,129.565708,201,202,True,
http-20260825T171719Z-cae8f09e,http-20260825T171719Z-cae8f09e-r3-c10,3,10,1130,81.811208,3.636208,74.739208,160.188542,201,202,True,
http-20260825T171719Z-cae8f09e,http-20260825T171719Z-cae8f09e-r3-c10,3,10,1131,75.473166,4.020541,67.799417,147.295125,201,202,True,
http-20260825T171719Z-cae8f09e,http-20260825T171719Z-cae8f09e-r3-c10,3,10,1132,63.061334,3.990584,56.47225,123.526125,201,202,True,
http-20260825T171719Z-cae8f09e,http-20260825T171719Z-cae8f09e-r3-c10,3,10,1133,47.775583,3.912417,58.456584,110.146916,201,202,True,
http-20260825T171719Z-cae8f09e,http-20260825T171719Z-cae8f09e-r3-c10,3,10,1134,45.89625,4.078916,77.475042,127.452666,201,202,True,
http-20260825T171719Z-cae8f09e,http-20260825T171719Z-cae8f09e-r3-c10,3,10,1135,54.3325,4.258917,68.754583,127.348125,201,202,True,
http-20260825T171719Z-cae8f09e,http-20260825T171719Z-cae8f09e-r3-c10,3,10,1136,43.991375,3.985792,73.615166,121.593792,201,202,True,
http-20260825T171719Z-cae8f09e,http-20260825T171719Z-cae8f09e-r3-c10,3,10,1137,51.800958,3.893375,70.070834,125.767083,201,202,True,
http-20260825T171719Z-cae8f09e,http-20260825T171719Z-cae8f09e-r3-c10,3,10,1138,55.588375,3.728125,72.729708,132.047458,201,202,True,
http-20260825T171719Z-cae8f09e,http-20260825T171719Z-cae8f09e-r3-c10,3,10,1139,45.136833,3.836083,72.701042,121.675334,201,202,True,
http-20260825T171719Z-cae8f09e,http-20260825T171719Z-cae8f09e-r3-c10,3,10,1140,69.9425,4.171958,52.877417,126.99375,201,202,True,
http-20260825T171719Z-cae8f09e,http-20260825T171719Z-cae8f09e-r3-c10,3,10,1141,72.47725,3.894625,65.965042,142.338833,201,202,True,
http-20260825T171719Z-cae8f09e,http-20260825T171719Z-cae8f09e-r3-c10,3,10,1142,79.379875,3.619459,63.439667,146.440875,201,202,True,
http-20260825T171719Z-cae8f09e,http-20260825T171719Z-cae8f09e-r3-c10,3,10,1143,55.822334,4.261458,46.314792,106.400667,201,202,True,
http-20260825T171719Z-cae8f09e,http-20260825T171719Z-cae8f09e-r3-c10,3,10,1144,46.243375,3.943417,71.99575,122.184458,201,202,True,
http-20260825T171719Z-cae8f09e,http-20260825T171719Z-cae8f09e-r3-c10,3,10,1145,60.157166,4.043041,73.706416,137.90875,201,202,True,
http-20260825T171719Z-cae8f09e,http-20260825T171719Z-cae8f09e-r3-c10,3,10,1146,52.61675,4.031166,72.018084,128.667542,201,202,True,
http-20260825T171719Z-cae8f09e,http-20260825T171719Z-cae8f09e-r3-c10,3,10,1147,64.154459,4.165583,60.564417,128.886125,201,202,True,
http-20260825T171719Z-cae8f09e,http-20260825T171719Z-cae8f09e-r3-c10,3,10,1148,67.110291,3.95,67.583459,138.656709,201,202,True,
http-20260825T171719Z-cae8f09e,http-20260825T171719Z-cae8f09e-r3-c10,3,10,1149,47.219834,4.028166,73.373834,124.623917,201,202,True,
http-20260825T171719Z-cae8f09e,http-20260825T171719Z-cae8f09e-r3-c10,3,10,1150,78.864667,3.776666,71.345,153.988667,201,202,True,
http-20260825T171719Z-cae8f09e,http-20260825T171719Z-cae8f09e-r3-c10,3,10,1151,68.717834,4.082917,56.26525,129.068208,201,202,True,
http-20260825T171719Z-cae8f09e,http-20260825T171719Z-cae8f09e-r3-c10,3,10,1152,62.490708,3.72975,73.592625,139.8145,201,202,True,
http-20260825T171719Z-cae8f09e,http-20260825T171719Z-cae8f09e-r3-c10,3,10,1153,48.353958,4.1905,67.387833,119.934,201,202,True,
http-20260825T171719Z-cae8f09e,http-20260825T171719Z-cae8f09e-r3-c10,3,10,1154,48.055125,4.035208,79.820083,131.912084,201,202,True,
http-20260825T171719Z-cae8f09e,http-20260825T171719Z-cae8f09e-r3-c10,3,10,1155,48.068125,3.738708,72.528,124.335833,201,202,True,
http-20260825T171719Z-cae8f09e,http-20260825T171719Z-cae8f09e-r3-c10,3,10,1156,43.882708,3.671792,68.587125,116.142875,201,202,True,
http-20260825T171719Z-cae8f09e,http-20260825T171719Z-cae8f09e-r3-c10,3,10,1157,56.069042,3.923292,65.623042,125.616833,201,202,True,
http-20260825T171719Z-cae8f09e,http-20260825T171719Z-cae8f09e-r3-c10,3,10,1158,43.812042,3.947416,80.408333,128.17025,201,202,True,
http-20260825T171719Z-cae8f09e,http-20260825T171719Z-cae8f09e-r3-c10,3,10,1159,60.055959,4.037375,69.121542,133.216834,201,202,True,
http-20260825T171719Z-cae8f09e,http-20260825T171719Z-cae8f09e-r3-c10,3,10,1160,66.425625,4.123417,51.902833,122.454208,201,202,True,
http-20260825T171719Z-cae8f09e,http-20260825T171719Z-cae8f09e-r3-c10,3,10,1161,52.305375,4.133583,45.042125,101.483166,201,202,True,
http-20260825T171719Z-cae8f09e,http-20260825T171719Z-cae8f09e-r3-c10,3,10,1162,59.904166,4.237459,71.75375,135.897334,201,202,True,
http-20260825T171719Z-cae8f09e,http-20260825T171719Z-cae8f09e-r3-c10,3,10,1163,41.320167,3.928625,53.920083,99.170917,201,202,True,
http-20260825T171719Z-cae8f09e,http-20260825T171719Z-cae8f09e-r3-c10,3,10,1164,47.583291,4.055167,77.612583,129.2525,201,202,True,
http-20260825T171719Z-cae8f09e,http-20260825T171719Z-cae8f09e-r3-c10,3,10,1165,51.632334,4.001625,73.155792,128.792292,201,202,True,
http-20260825T171719Z-cae8f09e,http-20260825T171719Z-cae8f09e-r3-c10,3,10,1166,55.683083,3.810959,78.071792,137.567125,201,202,True,
http-20260825T171719Z-cae8f09e,http-20260825T171719Z-cae8f09e-r3-c10,3,10,1167,50.069917,3.758416,74.364709,128.194042,201,202,True,
http-20260825T171719Z-cae8f09e,http-20260825T171719Z-cae8f09e-r3-c10,3,10,1168,47.735917,3.921125,64.071125,115.729834,201,202,True,
http-20260825T171719Z-cae8f09e,http-20260825T171719Z-cae8f09e-r3-c10,3,10,1169,46.542041,4.0075,65.352291,115.903541,201,202,True,
http-20260825T171719Z-cae8f09e,http-20260825T171719Z-cae8f09e-r3-c10,3,10,1170,70.210583,3.963959,48.1425,122.319291,201,202,True,
http-20260825T171719Z-cae8f09e,http-20260825T171719Z-cae8f09e-r3-c10,3,10,1171,64.026667,4.06175,46.602834,114.692583,201,202,True,
http-20260825T171719Z-cae8f09e,http-20260825T171719Z-cae8f09e-r3-c10,3,10,1172,67.238917,4.356833,63.692417,135.290625,201,202,True,
http-20260825T171719Z-cae8f09e,http-20260825T171719Z-cae8f09e-r3-c10,3,10,1173,49.529417,3.881125,65.631125,119.043084,201,202,True,
http-20260825T171719Z-cae8f09e,http-20260825T171719Z-cae8f09e-r3-c10,3,10,1174,50.197917,3.930667,69.745042,123.875542,201,202,True,
http-20260825T171719Z-cae8f09e,http-20260825T171719Z-cae8f09e-r3-c10,3,10,1175,45.916958,3.844417,74.254542,124.017334,201,202,True,
http-20260825T171719Z-cae8f09e,http-20260825T171719Z-cae8f09e-r3-c10,3,10,1176,55.298792,3.899417,71.251541,130.451,201,202,True,
http-20260825T171719Z-cae8f09e,http-20260825T171719Z-cae8f09e-r3-c10,3,10,1177,53.376791,4.275375,71.073083,128.726958,201,202,True,
http-20260825T171719Z-cae8f09e,http-20260825T171719Z-cae8f09e-r3-c10,3,10,1178,45.193542,3.805875,69.645125,118.646042,201,202,True,
http-20260825T171719Z-cae8f09e,http-20260825T171719Z-cae8f09e-r3-c10,3,10,1179,51.136875,4.200208,72.105083,127.44375,201,202,True,
http-20260825T171719Z-cae8f09e,http-20260825T171719Z-cae8f09e-r3-c10,3,10,1180,67.396417,4.254708,46.694959,118.347833,201,202,True,
http-20260825T171719Z-cae8f09e,http-20260825T171719Z-cae8f09e-r3-c10,3,10,1181,73.116375,4.106458,45.853958,123.078334,201,202,True,
http-20260825T171719Z-cae8f09e,http-20260825T171719Z-cae8f09e-r3-c10,3,10,1182,51.340083,3.792916,60.288417,115.423167,201,202,True,
http-20260825T171719Z-cae8f09e,http-20260825T171719Z-cae8f09e-r3-c10,3,10,1183,49.378708,3.950916,78.58275,131.914542,201,202,True,
http-20260825T171719Z-cae8f09e,http-20260825T171719Z-cae8f09e-r3-c10,3,10,1184,49.003208,4.098541,77.568708,130.672875,201,202,True,
http-20260825T171719Z-cae8f09e,http-20260825T171719Z-cae8f09e-r3-c10,3,10,1185,38.519,3.931917,65.927417,108.38025,201,202,True,
http-20260825T171719Z-cae8f09e,http-20260825T171719Z-cae8f09e-r3-c10,3,10,1186,49.493959,3.902875,62.280541,115.679375,201,202,True,
http-20260825T171719Z-cae8f09e,http-20260825T171719Z-cae8f09e-r3-c10,3,10,1187,47.87675,4.145125,73.666667,125.690584,201,202,True,
http-20260825T171719Z-cae8f09e,http-20260825T171719Z-cae8f09e-r3-c10,3,10,1188,47.996459,3.746833,73.734292,125.478875,201,202,True,
http-20260825T171719Z-cae8f09e,http-20260825T171719Z-cae8f09e-r3-c10,3,10,1189,52.904125,3.847958,67.849083,124.602958,201,202,True,
http-20260825T171719Z-cae8f09e,http-20260825T171719Z-cae8f09e-r3-c10,3,10,1190,73.828292,4.057542,47.966375,125.854,201,202,True,
http-20260825T171719Z-cae8f09e,http-20260825T171719Z-cae8f09e-r3-c10,3,10,1191,68.127333,3.758166,55.454625,127.341625,201,202,True,
http-20260825T171719Z-cae8f09e,http-20260825T171719Z-cae8f09e-r3-c10,3,10,1192,62.882833,4.387208,63.292667,130.564708,201,202,True,
http-20260825T171719Z-cae8f09e,http-20260825T171719Z-cae8f09e-r3-c10,3,10,1193,53.426708,3.800459,63.70375,120.932125,201,202,True,
http-20260825T171719Z-cae8f09e,http-20260825T171719Z-cae8f09e-r3-c10,3,10,1194,57.495667,4.0855,64.366167,125.948542,201,202,True,
http-20260825T171719Z-cae8f09e,http-20260825T171719Z-cae8f09e-r3-c10,3,10,1195,59.405708,4.113959,64.243209,127.764709,201,202,True,
http-20260825T171719Z-cae8f09e,http-20260825T171719Z-cae8f09e-r3-c10,3,10,1196,39.835,3.870333,68.499125,112.206334,201,202,True,
http-20260825T171719Z-cae8f09e,http-20260825T171719Z-cae8f09e-r3-c10,3,10,1197,48.135667,4.092584,76.950583,129.180625,201,202,True,
http-20260825T171719Z-cae8f09e,http-20260825T171719Z-cae8f09e-r3-c10,3,10,1198,48.318083,3.757625,69.48375,121.561,201,202,True,
http-20260825T171719Z-cae8f09e,http-20260825T171719Z-cae8f09e-r3-c10,3,10,1199,62.488333,3.868625,59.220875,125.579792,201,202,True,
http-20260825T171719Z-cae8f09e,http-20260825T171719Z-cae8f09e-r3-c10,3,10,1200,73.598708,4.039709,42.599709,120.239625,201,202,True,
http-20260825T171719Z-cae8f09e,http-20260825T171719Z-cae8f09e-r3-c10,3,10,1201,71.580208,4.109,47.196584,122.887959,201,202,True,
http-20260825T171719Z-cae8f09e,http-20260825T171719Z-cae8f09e-r3-c10,3,10,1202,54.235041,4.030666,64.022084,122.2895,201,202,True,
http-20260825T171719Z-cae8f09e,http-20260825T171719Z-cae8f09e-r3-c10,3,10,1203,55.027666,4.020792,62.933625,121.983791,201,202,True,
http-20260825T171719Z-cae8f09e,http-20260825T171719Z-cae8f09e-r3-c10,3,10,1204,51.284083,3.944417,55.663625,110.893792,201,202,True,
http-20260825T171719Z-cae8f09e,http-20260825T171719Z-cae8f09e-r3-c10,3,10,1205,63.179584,4.126791,57.324875,124.632792,201,202,True,
http-20260825T171719Z-cae8f09e,http-20260825T171719Z-cae8f09e-r3-c10,3,10,1206,51.09325,3.980916,65.131583,120.207333,201,202,True,
http-20260825T171719Z-cae8f09e,http-20260825T171719Z-cae8f09e-r3-c10,3,10,1207,41.689583,3.686834,61.61825,106.995709,201,202,True,
http-20260825T171719Z-cae8f09e,http-20260825T171719Z-cae8f09e-r3-c10,3,10,1208,50.428334,3.867583,53.434709,107.732292,201,202,True,
http-20260825T171719Z-cae8f09e,http-20260825T171719Z-cae8f09e-r3-c10,3,10,1209,49.521625,3.844542,49.445417,102.813417,201,202,True,
http-20260825T171719Z-cae8f09e,http-20260825T171719Z-cae8f09e-r3-c20,3,20,1220,69.426375,4.342041,161.749209,235.519875,201,202,True,
http-20260825T171719Z-cae8f09e,http-20260825T171719Z-cae8f09e-r3-c20,3,20,1221,90.776625,4.347041,171.394083,266.5195,201,202,True,
http-20260825T171719Z-cae8f09e,http-20260825T171719Z-cae8f09e-r3-c20,3,20,1222,73.73,4.49225,82.140334,160.364459,201,202,True,
http-20260825T171719Z-cae8f09e,http-20260825T171719Z-cae8f09e-r3-c20,3,20,1223,135.222792,4.000584,139.743667,278.968583,201,202,True,
http-20260825T171719Z-cae8f09e,http-20260825T171719Z-cae8f09e-r3-c20,3,20,1224,78.253125,3.63825,130.597167,212.490042,201,202,True,
http-20260825T171719Z-cae8f09e,http-20260825T171719Z-cae8f09e-r3-c20,3,20,1225,86.329667,3.888166,145.996541,236.216042,201,202,True,
http-20260825T171719Z-cae8f09e,http-20260825T171719Z-cae8f09e-r3-c20,3,20,1226,151.72775,3.99725,97.453208,253.179959,201,202,True,
http-20260825T171719Z-cae8f09e,http-20260825T171719Z-cae8f09e-r3-c20,3,20,1227,113.542666,4.175833,81.728166,199.448417,201,202,True,
http-20260825T171719Z-cae8f09e,http-20260825T171719Z-cae8f09e-r3-c20,3,20,1228,139.093583,3.649875,201.96225,344.707291,201,202,True,
http-20260825T171719Z-cae8f09e,http-20260825T171719Z-cae8f09e-r3-c20,3,20,1229,147.183,4.196125,197.616666,348.997208,201,202,True,
http-20260825T171719Z-cae8f09e,http-20260825T171719Z-cae8f09e-r3-c20,3,20,1230,122.256541,4.021916,106.146583,232.427167,201,202,True,
http-20260825T171719Z-cae8f09e,http-20260825T171719Z-cae8f09e-r3-c20,3,20,1231,130.372209,4.103958,113.518417,247.996458,201,202,True,
http-20260825T171719Z-cae8f09e,http-20260825T171719Z-cae8f09e-r3-c20,3,20,1232,108.947959,4.145416,116.527791,229.623084,201,202,True,
http-20260825T171719Z-cae8f09e,http-20260825T171719Z-cae8f09e-r3-c20,3,20,1233,99.126,4.617042,78.3815,182.126375,201,202,True,
http-20260825T171719Z-cae8f09e,http-20260825T171719Z-cae8f09e-r3-c20,3,20,1234,126.27225,3.828417,165.069916,295.172208,201,202,True,
http-20260825T171719Z-cae8f09e,http-20260825T171719Z-cae8f09e-r3-c20,3,20,1235,81.578959,4.022542,84.887375,170.490833,201,202,True,
http-20260825T171719Z-cae8f09e,http-20260825T171719Z-cae8f09e-r3-c20,3,20,1236,94.435959,4.340291,148.6405,247.418541,201,202,True,
http-20260825T171719Z-cae8f09e,http-20260825T171719Z-cae8f09e-r3-c20,3,20,1237,117.467583,4.189166,242.853084,364.512,201,202,True,
http-20260825T171719Z-cae8f09e,http-20260825T171719Z-cae8f09e-r3-c20,3,20,1238,103.894875,4.406208,126.177167,234.480333,201,202,True,
http-20260825T171719Z-cae8f09e,http-20260825T171719Z-cae8f09e-r3-c20,3,20,1239,142.329167,4.049375,236.537584,382.917833,201,202,True,
http-20260825T171719Z-cae8f09e,http-20260825T171719Z-cae8f09e-r3-c20,3,20,1240,106.199584,4.043375,122.74225,232.986875,201,202,True,
http-20260825T171719Z-cae8f09e,http-20260825T171719Z-cae8f09e-r3-c20,3,20,1241,103.59475,3.992209,306.88525,414.473792,201,202,True,
http-20260825T171719Z-cae8f09e,http-20260825T171719Z-cae8f09e-r3-c20,3,20,1242,137.780666,3.982458,160.009584,301.774584,201,202,True,
http-20260825T171719Z-cae8f09e,http-20260825T171719Z-cae8f09e-r3-c20,3,20,1243,145.447375,4.010708,91.590209,241.050083,201,202,True,
http-20260825T171719Z-cae8f09e,http-20260825T171719Z-cae8f09e-r3-c20,3,20,1244,85.566291,4.283209,95.374917,185.226458,201,202,True,
http-20260825T171719Z-cae8f09e,http-20260825T171719Z-cae8f09e-r3-c20,3,20,1245,125.387916,4.184084,79.411167,208.985208,201,202,True,
http-20260825T171719Z-cae8f09e,http-20260825T171719Z-cae8f09e-r3-c20,3,20,1246,156.103333,4.096542,119.971417,280.173125,201,202,True,
http-20260825T171719Z-cae8f09e,http-20260825T171719Z-cae8f09e-r3-c20,3,20,1247,105.833166,3.817292,157.923084,267.575333,201,202,True,
http-20260825T171719Z-cae8f09e,http-20260825T171719Z-cae8f09e-r3-c20,3,20,1248,97.406542,4.163542,85.635416,187.207458,201,202,True,
http-20260825T171719Z-cae8f09e,http-20260825T171719Z-cae8f09e-r3-c20,3,20,1249,88.374,3.731375,111.642667,203.749625,201,202,True,
http-20260825T171719Z-cae8f09e,http-20260825T171719Z-cae8f09e-r3-c20,3,20,1250,145.356708,4.06775,170.390416,319.816875,201,202,True,
http-20260825T171719Z-cae8f09e,http-20260825T171719Z-cae8f09e-r3-c20,3,20,1251,127.545166,4.308708,107.177292,239.033292,201,202,True,
http-20260825T171719Z-cae8f09e,http-20260825T171719Z-cae8f09e-r3-c20,3,20,1252,116.370167,4.0005,96.935167,217.30725,201,202,True,
http-20260825T171719Z-cae8f09e,http-20260825T171719Z-cae8f09e-r3-c20,3,20,1253,118.441375,3.998708,112.09725,234.538875,201,202,True,
http-20260825T171719Z-cae8f09e,http-20260825T171719Z-cae8f09e-r3-c20,3,20,1254,86.461167,4.060291,137.191917,227.714916,201,202,True,
http-20260825T171719Z-cae8f09e,http-20260825T171719Z-cae8f09e-r3-c20,3,20,1255,108.702917,3.808,95.558292,208.070917,201,202,True,
http-20260825T171719Z-cae8f09e,http-20260825T171719Z-cae8f09e-r3-c20,3,20,1256,121.632041,3.8795,141.342625,266.855917,201,202,True,
http-20260825T171719Z-cae8f09e,http-20260825T171719Z-cae8f09e-r3-c20,3,20,1257,123.520125,4.165084,108.721417,236.408,201,202,True,
http-20260825T171719Z-cae8f09e,http-20260825T171719Z-cae8f09e-r3-c20,3,20,1258,180.756542,3.994792,181.568459,366.321667,201,202,True,
http-20260825T171719Z-cae8f09e,http-20260825T171719Z-cae8f09e-r3-c20,3,20,1259,179.82675,4.047959,180.577834,364.454,201,202,True,
http-20260825T171719Z-cae8f09e,http-20260825T171719Z-cae8f09e-r3-c20,3,20,1260,131.830833,4.005833,164.652458,300.490542,201,202,True,
http-20260825T171719Z-cae8f09e,http-20260825T171719Z-cae8f09e-r3-c20,3,20,1261,98.633583,4.086083,128.043541,230.765333,201,202,True,
http-20260825T171719Z-cae8f09e,http-20260825T171719Z-cae8f09e-r3-c20,3,20,1262,106.844,4.081125,130.395792,241.322916,201,202,True,
http-20260825T171719Z-cae8f09e,http-20260825T171719Z-cae8f09e-r3-c20,3,20,1263,102.729166,3.942083,91.751375,198.423959,201,202,True,
http-20260825T171719Z-cae8f09e,http-20260825T171719Z-cae8f09e-r3-c20,3,20,1264,171.906,4.505041,107.714333,284.126959,201,202,True,
http-20260825T171719Z-cae8f09e,http-20260825T171719Z-cae8f09e-r3-c20,3,20,1265,92.934291,3.985584,120.679167,217.601,201,202,True,
http-20260825T171719Z-cae8f09e,http-20260825T171719Z-cae8f09e-r3-c20,3,20,1266,129.405125,4.113666,98.496583,232.016667,201,202,True,
http-20260825T171719Z-cae8f09e,http-20260825T171719Z-cae8f09e-r3-c20,3,20,1267,68.599167,3.830083,116.916209,189.346792,201,202,True,
http-20260825T171719Z-cae8f09e,http-20260825T171719Z-cae8f09e-r3-c20,3,20,1268,88.089917,4.222292,106.137833,198.451792,201,202,True,
http-20260825T171719Z-cae8f09e,http-20260825T171719Z-cae8f09e-r3-c20,3,20,1269,86.907459,4.02575,132.176333,223.112,201,202,True,
http-20260825T171719Z-cae8f09e,http-20260825T171719Z-cae8f09e-r3-c20,3,20,1270,93.237125,3.960833,93.762292,190.961792,201,202,True,
http-20260825T171719Z-cae8f09e,http-20260825T171719Z-cae8f09e-r3-c20,3,20,1271,103.583542,4.143875,124.175083,231.904375,201,202,True,
http-20260825T171719Z-cae8f09e,http-20260825T171719Z-cae8f09e-r3-c20,3,20,1272,122.16525,4.054666,115.2,241.421709,201,202,True,
http-20260825T171719Z-cae8f09e,http-20260825T171719Z-cae8f09e-r3-c20,3,20,1273,120.057333,4.224625,186.377584,310.660708,201,202,True,
http-20260825T171719Z-cae8f09e,http-20260825T171719Z-cae8f09e-r3-c20,3,20,1274,91.570167,4.045292,208.179875,303.797,201,202,True,
http-20260825T171719Z-cae8f09e,http-20260825T171719Z-cae8f09e-r3-c20,3,20,1275,103.877625,3.893209,138.505166,246.278125,201,202,True,
http-20260825T171719Z-cae8f09e,http-20260825T171719Z-cae8f09e-r3-c20,3,20,1276,111.96125,4.224208,121.634167,237.821417,201,202,True,
http-20260825T171719Z-cae8f09e,http-20260825T171719Z-cae8f09e-r3-c20,3,20,1277,165.322084,3.925167,165.391042,334.639833,201,202,True,
http-20260825T171719Z-cae8f09e,http-20260825T171719Z-cae8f09e-r3-c20,3,20,1278,115.223375,4.03575,199.83075,319.091916,201,202,True,
http-20260825T171719Z-cae8f09e,http-20260825T171719Z-cae8f09e-r3-c20,3,20,1279,152.682583,4.236416,85.889833,242.81125,201,202,True,
http-20260825T171719Z-cae8f09e,http-20260825T171719Z-cae8f09e-r3-c20,3,20,1280,102.681708,4.019708,109.76675,216.469792,201,202,True,
http-20260825T171719Z-cae8f09e,http-20260825T171719Z-cae8f09e-r3-c20,3,20,1281,150.873292,4.229042,164.660125,319.76425,201,202,True,
http-20260825T171719Z-cae8f09e,http-20260825T171719Z-cae8f09e-r3-c20,3,20,1282,92.212666,4.043458,96.853875,193.111917,201,202,True,
http-20260825T171719Z-cae8f09e,http-20260825T171719Z-cae8f09e-r3-c20,3,20,1283,86.753667,4.237667,103.029042,194.022292,201,202,True,
http-20260825T171719Z-cae8f09e,http-20260825T171719Z-cae8f09e-r3-c20,3,20,1284,88.930375,3.884375,111.150042,203.966375,201,202,True,
http-20260825T171719Z-cae8f09e,http-20260825T171719Z-cae8f09e-r3-c20,3,20,1285,138.27975,4.093458,171.613542,313.988375,201,202,True,
http-20260825T171719Z-cae8f09e,http-20260825T171719Z-cae8f09e-r3-c20,3,20,1286,96.324916,3.848834,132.456834,232.631958,201,202,True,
http-20260825T171719Z-cae8f09e,http-20260825T171719Z-cae8f09e-r3-c20,3,20,1287,71.008041,3.861667,171.702208,246.573333,201,202,True,
http-20260825T171719Z-cae8f09e,http-20260825T171719Z-cae8f09e-r3-c20,3,20,1288,95.001041,4.173666,147.173416,246.349542,201,202,True,
http-20260825T171719Z-cae8f09e,http-20260825T171719Z-cae8f09e-r3-c20,3,20,1289,92.15475,3.858667,177.068917,273.083958,201,202,True,
http-20260825T171719Z-cae8f09e,http-20260825T171719Z-cae8f09e-r3-c20,3,20,1290,92.054041,3.838125,258.524417,354.418584,201,202,True,
http-20260825T171719Z-cae8f09e,http-20260825T171719Z-cae8f09e-r3-c20,3,20,1291,114.522875,4.044,121.257917,239.826583,201,202,True,
http-20260825T171719Z-cae8f09e,http-20260825T171719Z-cae8f09e-r3-c20,3,20,1292,92.508625,4.219708,143.125666,239.8555,201,202,True,
http-20260825T171719Z-cae8f09e,http-20260825T171719Z-cae8f09e-r3-c20,3,20,1293,105.63025,4.337375,138.174125,248.143791,201,202,True,
http-20260825T171719Z-cae8f09e,http-20260825T171719Z-cae8f09e-r3-c20,3,20,1294,137.973125,4.110541,106.260666,248.346125,201,202,True,
http-20260825T171719Z-cae8f09e,http-20260825T171719Z-cae8f09e-r3-c20,3,20,1295,134.137166,4.2245,137.910666,276.274708,201,202,True,
http-20260825T171719Z-cae8f09e,http-20260825T171719Z-cae8f09e-r3-c20,3,20,1296,133.69925,3.792708,99.469458,236.962583,201,202,True,
http-20260825T171719Z-cae8f09e,http-20260825T171719Z-cae8f09e-r3-c20,3,20,1297,107.453542,4.1395,181.314917,292.91025,201,202,True,
http-20260825T171719Z-cae8f09e,http-20260825T171719Z-cae8f09e-r3-c20,3,20,1298,108.838584,3.994708,102.668916,215.503375,201,202,True,
http-20260825T171719Z-cae8f09e,http-20260825T171719Z-cae8f09e-r3-c20,3,20,1299,116.681209,3.833791,112.923667,233.440083,201,202,True,
http-20260825T171719Z-cae8f09e,http-20260825T171719Z-cae8f09e-r3-c20,3,20,1300,107.784958,4.206458,115.648333,227.640959,201,202,True,
http-20260825T171719Z-cae8f09e,http-20260825T171719Z-cae8f09e-r3-c20,3,20,1301,94.977833,3.874292,84.927208,183.780708,201,202,True,
http-20260825T171719Z-cae8f09e,http-20260825T171719Z-cae8f09e-r3-c20,3,20,1302,93.983125,4.109333,141.645959,239.740458,201,202,True,
http-20260825T171719Z-cae8f09e,http-20260825T171719Z-cae8f09e-r3-c20,3,20,1303,89.378916,3.91925,117.286584,210.58675,201,202,True,
http-20260825T171719Z-cae8f09e,http-20260825T171719Z-cae8f09e-r3-c20,3,20,1304,100.101208,4.046917,163.780084,267.9305,201,202,True,
http-20260825T171719Z-cae8f09e,http-20260825T171719Z-cae8f09e-r3-c20,3,20,1305,133.510834,3.886166,86.40075,223.79925,201,202,True,
http-20260825T171719Z-cae8f09e,http-20260825T171719Z-cae8f09e-r3-c20,3,20,1306,128.96075,4.170958,103.272125,236.40625,201,202,True,
http-20260825T171719Z-cae8f09e,http-20260825T171719Z-cae8f09e-r3-c20,3,20,1307,111.542167,4.121,151.238833,266.903958,201,202,True,
http-20260825T171719Z-cae8f09e,http-20260825T171719Z-cae8f09e-r3-c20,3,20,1308,206.385333,3.913625,73.726333,284.026792,201,202,True,
http-20260825T171719Z-cae8f09e,http-20260825T171719Z-cae8f09e-r3-c20,3,20,1309,84.388666,4.261292,103.20275,191.854459,201,202,True,
http-20260825T171719Z-cae8f09e,http-20260825T171719Z-cae8f09e-r3-c20,3,20,1310,103.610291,4.19925,117.210958,225.021958,201,202,True,
http-20260825T171719Z-cae8f09e,http-20260825T171719Z-cae8f09e-r3-c20,3,20,1311,105.732958,3.950875,85.453708,195.138958,201,202,True,
http-20260825T171719Z-cae8f09e,http-20260825T171719Z-cae8f09e-r3-c20,3,20,1312,137.955083,3.939792,65.747459,207.644334,201,202,True,
http-20260825T171719Z-cae8f09e,http-20260825T171719Z-cae8f09e-r3-c20,3,20,1313,98.648541,4.120333,75.7645,178.535125,201,202,True,
http-20260825T171719Z-cae8f09e,http-20260825T171719Z-cae8f09e-r3-c20,3,20,1314,108.750208,3.901958,73.023584,185.677125,201,202,True,
http-20260825T171719Z-cae8f09e,http-20260825T171719Z-cae8f09e-r3-c20,3,20,1315,91.363625,4.257209,68.389,164.012,201,202,True,
http-20260825T171719Z-cae8f09e,http-20260825T171719Z-cae8f09e-r3-c20,3,20,1316,108.094042,4.207958,72.590834,184.895042,201,202,True,
http-20260825T171719Z-cae8f09e,http-20260825T171719Z-cae8f09e-r3-c20,3,20,1317,82.220667,3.865041,76.3405,162.428166,201,202,True,
http-20260825T171719Z-cae8f09e,http-20260825T171719Z-cae8f09e-r3-c20,3,20,1318,132.309625,4.197,42.247708,178.75625,201,202,True,
http-20260825T171719Z-cae8f09e,http-20260825T171719Z-cae8f09e-r3-c20,3,20,1319,117.48025,3.881792,52.954708,174.318208,201,202,True,
